playerId,shirtNo,name,position,height,weight,age,isFirstEleven,isManOfTheMatch,field,stats,subbedInPlayerId,subbedOutPeriod,subbedOutExpandedMinute,subbedInPeriod,subbedInExpandedMinute,subbedOutPlayerId,teamId
276366,22,David Raya,GK,183,80,29,True,False,home,"{'totalSaves': {'22': 1.0, '43': 1.0, '44': 1.0}, 'collected': {'44': 1.0}, 'parriedSafe': {'22': 1.0}, 'parriedDanger': {'43': 1.0}, 'possession': {'3': 1.0, '4': 1.0, '8': 1.0, '10': 1.0, '12': 1.0, '13': 1.0, '15': 1.0, '17': 1.0, '23': 1.0, '24': 1.0, '32': 1.0, '42': 1.0, '43': 1.0, '44': 2.0, '45': 1.0, '47': 2.0, '51': 2.0, '53': 1.0, '54': 2.0, '55': 1.0, '57': 1.0, '63': 1.0, '69': 1.0, '74': 1.0, '76': 2.0, '80': 2.0, '81': 2.0, '82': 1.0, '88': 1.0, '89': 2.0, '93': 2.0}, 'ratings': {'0': 6.0, '1': 6.05, '3': 6.05, '4': 6.05, '8': 6.04, '10': 6.03, '12': 6.04, '13': 6.05, '15': 6.05, '17': 6.04, '22': 6.4, '23': 6.42, '24': 6.4, '32': 6.41, '41': 6.46, '42': 6.46, '43': 6.83, '44': 6.94, '45': 6.93, '47': 6.91, '51': 6.92, '52': 6.93, '54': 6.93, '55': 6.94, '56': 6.67, '57': 6.68, '58': 6.73, '63': 6.79, '69': 6.78, '74': 6.76, '76': 6.77, '77': 6.82, '80': 6.82, '81': 6.81, '82': 6.81, '88': 6.81, '89': 6.81, '93': 6.82, '94': 6.87}, 'clearances': {'41': 1.0}, 'touches': {'3': 1.0, '4': 1.0, '8': 1.0, '10': 1.0, '12': 1.0, '13': 1.0, '15': 1.0, '17': 1.0, '22': 1.0, '23': 1.0, '24': 1.0, '32': 1.0, '41': 1.0, '42': 1.0, '43': 2.0, '44': 3.0, '45': 1.0, '47': 2.0, '51': 2.0, '53': 1.0, '54': 2.0, '55': 1.0, '57': 1.0, '63': 1.0, '69': 1.0, '74': 1.0, '76': 2.0, '80': 2.0, '81': 2.0, '82': 1.0, '88': 1.0, '89': 2.0, '93': 2.0}, 'passesTotal': {'3': 1.0, '4': 1.0, '12': 1.0, '13': 1.0, '15': 1.0, '23': 1.0, '42': 1.0, '43': 1.0, '44': 2.0, '51': 2.0, '54': 2.0, '55': 1.0, '57': 1.0, '63': 1.0, '76': 2.0, '81': 2.0, '82': 1.0, '88': 1.0, '89': 2.0, '93': 2.0, '8': 1.0, '10': 1.0, '17': 1.0, '24': 1.0, '45': 1.0, '47': 2.0, '69': 1.0, '74': 1.0, '80': 1.0}, 'passesAccurate': {'3': 1.0, '4': 1.0, '12': 1.0, '13': 1.0, '15': 1.0, '23': 1.0, '42': 1.0, '43': 1.0, '44': 2.0, '51': 2.0, '54': 2.0, '55': 1.0, '57': 1.0, '63': 1.0, '76': 2.0, '81': 1.0, '82': 1.0, '88': 1.0, '89': 2.0, '93': 2.0}, 'passSuccess': {'3': 100.0, '4': 100.0, '12': 100.0, '13': 100.0, '15': 100.0, '23': 100.0, '42': 100.0, '43': 100.0, '44': 100.0, '51': 100.0, '54': 100.0, '55': 100.0, '57': 100.0, '63': 100.0, '76': 100.0, '81': 50.0, '82': 100.0, '88': 100.0, '89': 100.0, '93': 100.0, '8': 0.0, '10': 0.0, '17': 0.0, '24': 0.0, '45': 0.0, '47': 0.0, '69': 0.0, '74': 0.0, '80': 0.0}}",,,,,,,13
388650,12,Jurriën Timber,DR,179,79,23,True,False,home,"{'possession': {'10': 1.0, '13': 1.0, '16': 1.0, '18': 1.0, '28': 1.0, '35': 1.0, '36': 1.0, '37': 1.0, '43': 1.0, '53': 1.0, '73': 2.0, '82': 2.0, '83': 3.0, '87': 2.0, '88': 2.0, '90': 1.0, '92': 1.0}, 'ratings': {'0': 6.0, '1': 6.08, '10': 6.09, '11': 6.06, '13': 6.06, '16': 6.06, '18': 6.05, '22': 6.1, '24': 5.98, '28': 5.98, '30': 5.96, '35': 5.96, '36': 5.96, '37': 5.97, '43': 6.0, '53': 6.0, '56': 5.84, '58': 5.92, '63': 6.0, '66': 6.05, '73': 6.15, '77': 6.24, '80': 6.37, '82': 6.38, '83': 6.38, '86': 6.46, '87': 6.46, '88': 6.47, '90': 6.51, '92': 6.5, '94': 6.58}, 'shotsTotal': {'90': 1.0}, 'shotsOffTarget': {'90': 1.0}, 'clearances': {'22': 1.0, '43': 1.0, '66': 1.0}, 'interceptions': {'73': 1.0}, 'touches': {'9': 1.0, '10': 1.0, '11': 1.0, '12': 1.0, '13': 1.0, '16': 1.0, '18': 2.0, '19': 1.0, '22': 1.0, '28': 2.0, '30': 2.0, '35': 1.0, '36': 1.0, '37': 1.0, '43': 2.0, '53': 1.0, '66': 1.0, '68': 1.0, '73': 3.0, '80': 1.0, '82': 2.0, '83': 3.0, '86': 3.0, '87': 3.0, '88': 2.0, '89': 1.0, '90': 2.0, '92': 1.0}, 'passesTotal': {'10': 1.0, '13': 1.0, '16': 1.0, '35': 1.0, '36': 1.0, '37': 1.0, '53': 1.0, '73': 2.0, '82': 2.0, '83': 3.0, '87': 2.0, '88': 2.0, '90': 1.0, '18': 1.0, '28': 1.0, '43': 1.0, '92': 1.0}, 'passesAccurate': {'10': 1.0, '13': 1.0, '16': 1.0, '35': 1.0, '36': 1.0, '37': 1.0, '53': 1.0, '73': 1.0, '82': 2.0, '83': 2.0, '87': 2.0, '88': 2.0, '90': 1.0}, 'passSuccess': {'10': 100.0, '13': 100.0, '16': 100.0, '35': 100.0, '36': 100.0, '37': 100.0, '53': 100.0, '73': 50.0, '82': 100.0, '83': 66.67, '87': 100.0, '88': 100.0, '90': 100.0, '18': 0.0, '28': 0.0, '43': 0.0, '92': 0.0}, 'cornersTotal': {'73': 1.0, '86': 1.0}, 'throwInsTotal': {'9': 1.0, '12': 1.0, '18': 1.0, '19': 1.0, '30': 2.0, '68': 1.0, '87': 1.0, '89': 1.0}, 'throwInsAccurate': {'9': 1.0, '12': 1.0, '18': 1.0, '19': 1.0, '30': 1.0, '68': 1.0, '87': 1.0, '89': 1.0}, 'foulsCommited': {'24': 1.0, '30': 1.0}, 'tacklesTotal': {'80': 1.0, '86': 1.0}, 'tackleSuccessful': {'80': 1.0, '86': 1.0}, 'tackleSuccess': {'80': 100.0, '86': 100.0}, 'dribblesAttempted': {'86': 1.0}, 'dribblesLost': {'86': 1.0}, 'dispossessed': {'11': 1.0}}",,,,,,,13
334087,6,Gabriel Magalhães,DC,190,78,27,True,False,home,"{'possession': {'0': 1.0, '3': 2.0, '4': 1.0, '8': 1.0, '10': 1.0, '11': 1.0, '13': 3.0, '14': 1.0, '15': 2.0, '19': 1.0, '22': 1.0, '24': 1.0, '28': 1.0, '29': 1.0, '34': 2.0, '35': 3.0, '36': 1.0, '37': 2.0, '42': 4.0, '44': 1.0, '51': 2.0, '53': 1.0, '54': 3.0, '55': 1.0, '57': 1.0, '61': 1.0, '63': 1.0, '76': 2.0, '77': 1.0, '81': 1.0, '83': 1.0, '86': 1.0, '87': 1.0, '88': 3.0, '92': 2.0, '93': 4.0, '94': 2.0}, 'ratings': {'0': 6.03, '1': 6.1, '3': 6.1, '4': 6.1, '8': 6.11, '10': 6.11, '11': 6.11, '13': 6.12, '14': 6.11, '15': 6.11, '19': 6.12, '22': 6.12, '24': 6.12, '28': 6.12, '29': 6.12, '31': 6.17, '32': 6.16, '33': 6.21, '34': 6.2, '35': 6.21, '36': 6.21, '37': 6.2, '41': 6.25, '42': 6.26, '44': 6.26, '50': 6.31, '51': 6.32, '53': 6.32, '54': 6.33, '55': 6.33, '56': 6.13, '57': 6.14, '58': 6.21, '61': 6.34, '63': 6.41, '76': 6.42, '77': 6.48, '81': 6.49, '83': 6.52, '86': 6.61, '87': 6.61, '88': 6.62, '92': 6.62, '93': 6.63, '94': 6.71}, 'shotsTotal': {'82': 1.0}, 'shotsBlocked': {'82': 1.0}, 'clearances': {'0': 1.0, '33': 1.0, '41': 1.0, '50': 1.0, '61': 1.0}, 'touches': {'0': 2.0, '3': 2.0, '4': 1.0, '8': 1.0, '9': 1.0, '10': 1.0, '11': 1.0, '13': 3.0, '14': 1.0, '15': 2.0, '19': 1.0, '22': 1.0, '24': 1.0, '28': 1.0, '29': 1.0, '31': 1.0, '33': 1.0, '34': 2.0, '35': 3.0, '36': 1.0, '37': 2.0, '41': 1.0, '42': 4.0, '44': 1.0, '50': 1.0, '51': 2.0, '53': 1.0, '54': 3.0, '55': 1.0, '57': 1.0, '60': 1.0, '61': 2.0, '63': 1.0, '76': 2.0, '77': 1.0, '81': 1.0, '82': 1.0, '83': 2.0, '86': 3.0, '87': 1.0, '88': 3.0, '92': 2.0, '93': 4.0, '94': 2.0}, 'passesTotal': {'3': 2.0, '4': 1.0, '8': 1.0, '10': 1.0, '11': 1.0, '13': 3.0, '15': 2.0, '19': 1.0, '24': 1.0, '28': 1.0, '29': 1.0, '34': 2.0, '35': 3.0, '36': 1.0, '37': 2.0, '42': 4.0, '44': 1.0, '51': 2.0, '53': 1.0, '54': 3.0, '55': 1.0, '57': 1.0, '61': 1.0, '63': 1.0, '76': 2.0, '77': 1.0, '81': 1.0, '83': 1.0, '86': 1.0, '87': 1.0, '88': 3.0, '92': 2.0, '93': 4.0, '94': 2.0, '0': 1.0, '22': 1.0}, 'passesAccurate': {'3': 2.0, '4': 1.0, '8': 1.0, '10': 1.0, '11': 1.0, '13': 3.0, '15': 2.0, '19': 1.0, '24': 1.0, '28': 1.0, '29': 1.0, '34': 1.0, '35': 3.0, '36': 1.0, '37': 1.0, '42': 4.0, '44': 1.0, '51': 2.0, '53': 1.0, '54': 3.0, '55': 1.0, '57': 1.0, '61': 1.0, '63': 1.0, '76': 2.0, '77': 1.0, '81': 1.0, '83': 1.0, '86': 1.0, '87': 1.0, '88': 3.0, '92': 2.0, '93': 4.0, '94': 2.0}, 'passesKey': {'61': 1.0}, 'passSuccess': {'3': 100.0, '4': 100.0, '8': 100.0, '10': 100.0, '11': 100.0, '13': 100.0, '15': 100.0, '19': 100.0, '24': 100.0, '28': 100.0, '29': 100.0, '34': 50.0, '35': 100.0, '36': 100.0, '37': 50.0, '42': 100.0, '44': 100.0, '51': 100.0, '53': 100.0, '54': 100.0, '55': 100.0, '57': 100.0, '61': 100.0, '63': 100.0, '76': 100.0, '77': 100.0, '81': 100.0, '83': 100.0, '86': 100.0, '87': 100.0, '88': 100.0, '92': 100.0, '93': 100.0, '94': 100.0, '0': 0.0, '22': 0.0}, 'aerialsTotal': {'32': 1.0}, 'defensiveAerials': {'32': 1.0}, 'tacklesTotal': {'86': 1.0}, 'tackleSuccessful': {'86': 1.0}, 'tackleSuccess': {'86': 100.0}}",,,,,,,13
361822,2,William Saliba,DC,192,92,23,True,False,home,"{'possession': {'3': 2.0, '4': 1.0, '8': 1.0, '11': 1.0, '12': 1.0, '13': 1.0, '16': 1.0, '26': 1.0, '35': 1.0, '36': 1.0, '37': 3.0, '42': 2.0, '45': 1.0, '47': 1.0, '53': 1.0, '54': 1.0, '55': 1.0, '57': 1.0, '73': 1.0, '80': 1.0, '82': 1.0, '83': 2.0, '86': 1.0, '87': 3.0, '88': 4.0, '89': 5.0, '92': 2.0, '93': 2.0}, 'ratings': {'0': 6.0, '1': 6.07, '3': 6.06, '4': 6.07, '8': 6.07, '11': 6.07, '12': 6.07, '13': 6.07, '16': 6.16, '21': 6.21, '26': 6.35, '27': 6.32, '35': 6.32, '36': 6.32, '37': 6.33, '42': 6.33, '43': 6.38, '45': 6.48, '47': 6.5, '50': 6.58, '53': 6.58, '54': 6.59, '55': 6.6, '56': 6.38, '57': 6.39, '58': 6.46, '63': 6.53, '73': 6.53, '77': 6.6, '80': 6.6, '82': 6.6, '83': 6.6, '86': 6.6, '87': 6.6, '88': 6.61, '89': 6.62, '92': 6.62, '93': 6.63, '94': 6.69}, 'clearances': {'21': 1.0, '43': 1.0}, 'touches': {'3': 2.0, '4': 1.0, '8': 1.0, '11': 1.0, '12': 1.0, '13': 1.0, '16': 1.0, '21': 1.0, '26': 2.0, '27': 1.0, '35': 1.0, '36': 1.0, '37': 3.0, '42': 2.0, '43': 1.0, '45': 2.0, '47': 1.0, '50': 1.0, '53': 1.0, '54': 1.0, '55': 1.0, '57': 1.0, '73': 1.0, '80': 1.0, '82': 1.0, '83': 2.0, '86': 1.0, '87': 3.0, '88': 4.0, '89': 5.0, '92': 2.0, '93': 2.0}, 'passesTotal': {'3': 2.0, '4': 1.0, '8': 1.0, '11': 1.0, '12': 1.0, '13': 1.0, '16': 1.0, '26': 1.0, '35': 1.0, '36': 1.0, '37': 3.0, '42': 2.0, '45': 1.0, '47': 1.0, '53': 1.0, '54': 1.0, '55': 1.0, '57': 1.0, '73': 1.0, '80': 1.0, '82': 1.0, '83': 2.0, '87': 3.0, '88': 4.0, '89': 5.0, '92': 2.0, '93': 2.0}, 'passesAccurate': {'3': 1.0, '4': 1.0, '8': 1.0, '11': 1.0, '12': 1.0, '13': 1.0, '16': 1.0, '26': 1.0, '35': 1.0, '36': 1.0, '37': 3.0, '42': 2.0, '45': 1.0, '47': 1.0, '53': 1.0, '54': 1.0, '55': 1.0, '57': 1.0, '73': 1.0, '80': 1.0, '82': 1.0, '83': 2.0, '87': 3.0, '88': 4.0, '89': 5.0, '92': 2.0, '93': 2.0}, 'passSuccess': {'3': 50.0, '4': 100.0, '8': 100.0, '11': 100.0, '12': 100.0, '13': 100.0, '16': 100.0, '26': 100.0, '35': 100.0, '36': 100.0, '37': 100.0, '42': 100.0, '45': 100.0, '47': 100.0, '53': 100.0, '54': 100.0, '55': 100.0, '57': 100.0, '73': 100.0, '80': 100.0, '82': 100.0, '83': 100.0, '87': 100.0, '88': 100.0, '89': 100.0, '92': 100.0, '93': 100.0}, 'aerialsTotal': {'16': 1.0, '56': 1.0}, 'aerialsWon': {'16': 1.0}, 'aerialSuccess': {'56': 0.0}, 'offensiveAerials': {'16': 1.0}, 'defensiveAerials': {'56': 1.0}, 'tacklesTotal': {'26': 1.0, '45': 1.0, '50': 1.0}, 'tackleSuccessful': {'26': 1.0, '45': 1.0, '50': 1.0}, 'tackleSuccess': {'26': 100.0, '45': 100.0, '50': 100.0}}",,,,,,,13
467918,49,Myles Lewis-Skelly,DL,178,72,18,True,False,home,"{'possession': {'3': 1.0, '4': 2.0, '10': 1.0, '15': 4.0, '16': 1.0, '28': 1.0, '29': 1.0, '35': 2.0, '54': 1.0, '55': 1.0, '57': 1.0, '61': 2.0, '63': 1.0, '68': 1.0, '76': 1.0, '81': 1.0, '82': 1.0, '85': 1.0, '88': 1.0}, 'ratings': {'0': 6.0, '1': 6.08, '3': 6.22, '4': 6.23, '7': 6.25, '10': 6.25, '15': 6.26, '16': 6.27, '17': 6.35, '24': 6.38, '28': 6.39, '29': 6.39, '35': 6.54, '41': 6.58, '54': 6.58, '55': 6.58, '56': 6.41, '57': 6.41, '58': 6.49, '59': 6.62, '61': 6.63, '63': 7.68, '68': 7.68, '75': 7.89, '76': 7.88, '77': 7.96, '81': 7.93, '82': 7.93, '85': 7.94, '88': 7.94}, 'shotsTotal': {'63': 1.0}, 'shotsOnTarget': {'63': 1.0}, 'clearances': {'3': 1.0, '59': 1.0}, 'touches': {'0': 1.0, '3': 2.0, '4': 2.0, '10': 2.0, '15': 4.0, '16': 1.0, '17': 1.0, '24': 1.0, '28': 1.0, '29': 1.0, '35': 3.0, '41': 2.0, '49': 1.0, '54': 1.0, '55': 1.0, '57': 1.0, '59': 1.0, '61': 2.0, '63': 2.0, '68': 1.0, '71': 1.0, '72': 1.0, '75': 2.0, '76': 1.0, '81': 2.0, '82': 1.0, '85': 1.0, '88': 1.0}, 'passesTotal': {'3': 1.0, '4': 2.0, '10': 1.0, '15': 4.0, '16': 1.0, '28': 1.0, '29': 1.0, '35': 2.0, '54': 1.0, '55': 1.0, '61': 2.0, '63': 1.0, '68': 1.0, '81': 1.0, '82': 1.0, '85': 1.0, '88': 1.0, '57': 1.0, '76': 1.0}, 'passesAccurate': {'3': 1.0, '4': 2.0, '10': 1.0, '15': 4.0, '16': 1.0, '28': 1.0, '29': 1.0, '35': 2.0, '54': 1.0, '55': 1.0, '61': 2.0, '63': 1.0, '68': 1.0, '81': 1.0, '82': 1.0, '85': 1.0, '88': 1.0}, 'passSuccess': {'3': 100.0, '4': 100.0, '10': 100.0, '15': 100.0, '16': 100.0, '28': 100.0, '29': 100.0, '35': 100.0, '54': 100.0, '55': 100.0, '61': 100.0, '63': 100.0, '68': 100.0, '81': 100.0, '82': 100.0, '85': 100.0, '88': 100.0, '57': 0.0, '76': 0.0}, 'aerialsTotal': {'3': 1.0, '59': 1.0}, 'aerialsWon': {'3': 1.0, '59': 1.0}, 'defensiveAerials': {'3': 1.0, '59': 1.0}, 'throwInsTotal': {'0': 1.0, '10': 1.0, '49': 1.0, '71': 1.0, '72': 1.0}, 'throwInsAccurate': {'0': 1.0, '10': 1.0, '71': 1.0, '72': 1.0}, 'tacklesTotal': {'35': 1.0, '17': 1.0}, 'tackleSuccessful': {'35': 1.0, '17': 1.0}, 'tackleSuccess': {'35': 100.0, '17': 100.0}, 'dribblesWon': {'75': 1.0}, 'dribblesAttempted': {'75': 1.0}, 'dribbleSuccess': {'75': 100.0}, 'dispossessed': {'81': 1.0}}",386519.0,"{'value': 2, 'displayName': 'SecondHalf'}",91.0,,,,13
238940,5,Thomas Partey,MC,185,77,31,True,False,home,"{'possession': {'3': 2.0, '4': 2.0, '5': 1.0, '8': 1.0, '10': 1.0, '13': 2.0, '14': 2.0, '15': 2.0, '16': 2.0, '26': 1.0, '28': 2.0, '36': 3.0, '37': 2.0, '39': 1.0, '42': 2.0, '44': 2.0, '51': 1.0, '53': 3.0, '54': 1.0, '55': 1.0, '60': 1.0, '61': 1.0, '63': 1.0, '76': 1.0, '77': 1.0, '80': 1.0, '81': 1.0, '83': 2.0, '87': 1.0, '88': 3.0, '89': 1.0, '90': 1.0, '92': 2.0}, 'ratings': {'0': 6.0, '1': 6.12, '3': 6.12, '4': 6.13, '5': 6.13, '8': 6.13, '10': 6.13, '12': 6.21, '13': 6.22, '14': 6.21, '15': 6.22, '16': 6.35, '23': 6.34, '26': 6.34, '27': 6.32, '28': 6.34, '36': 6.45, '37': 6.45, '39': 6.51, '42': 6.51, '44': 6.57, '51': 6.58, '53': 6.59, '54': 6.59, '55': 6.6, '56': 6.46, '57': 6.55, '58': 7.64, '60': 7.76, '61': 7.76, '63': 7.87, '76': 7.87, '77': 8.0, '80': 8.01, '81': 8.11, '83': 8.12, '87': 8.13, '88': 8.13, '89': 8.29, '90': 8.28, '92': 8.37, '94': 8.48}, 'shotsTotal': {'58': 1.0}, 'shotsOnTarget': {'58': 1.0}, 'clearances': {'39': 1.0, '44': 1.0}, 'interceptions': {'36': 1.0, '81': 1.0}, 'touches': {'3': 2.0, '4': 2.0, '5': 1.0, '8': 1.0, '10': 1.0, '12': 1.0, '13': 2.0, '14': 2.0, '15': 2.0, '16': 3.0, '26': 1.0, '28': 2.0, '36': 4.0, '37': 2.0, '39': 2.0, '42': 2.0, '44': 3.0, '51': 1.0, '53': 3.0, '54': 1.0, '55': 2.0, '57': 1.0, '58': 1.0, '60': 2.0, '61': 1.0, '63': 1.0, '66': 1.0, '76': 1.0, '77': 1.0, '80': 1.0, '81': 2.0, '83': 2.0, '87': 1.0, '88': 3.0, '89': 2.0, '90': 1.0, '92': 3.0}, 'passesTotal': {'3': 2.0, '4': 2.0, '8': 1.0, '10': 1.0, '13': 2.0, '14': 2.0, '15': 2.0, '16': 2.0, '26': 1.0, '28': 2.0, '36': 3.0, '37': 2.0, '39': 1.0, '42': 2.0, '44': 2.0, '51': 1.0, '53': 3.0, '54': 1.0, '55': 1.0, '61': 1.0, '76': 1.0, '77': 1.0, '80': 1.0, '81': 1.0, '83': 2.0, '87': 1.0, '88': 3.0, '92': 2.0, '5': 1.0, '60': 1.0, '63': 1.0, '89': 1.0, '90': 1.0}, 'passesAccurate': {'3': 2.0, '4': 2.0, '8': 1.0, '10': 1.0, '13': 2.0, '14': 1.0, '15': 2.0, '16': 2.0, '26': 1.0, '28': 2.0, '36': 3.0, '37': 2.0, '39': 1.0, '42': 2.0, '44': 2.0, '51': 1.0, '53': 3.0, '54': 1.0, '55': 1.0, '61': 1.0, '76': 1.0, '77': 1.0, '80': 1.0, '81': 1.0, '83': 2.0, '87': 1.0, '88': 3.0, '92': 2.0}, 'passSuccess': {'3': 100.0, '4': 100.0, '8': 100.0, '10': 100.0, '13': 100.0, '14': 50.0, '15': 100.0, '16': 100.0, '26': 100.0, '28': 100.0, '36': 100.0, '37': 100.0, '39': 100.0, '42': 100.0, '44': 100.0, '51': 100.0, '53': 100.0, '54': 100.0, '55': 100.0, '61': 100.0, '76': 100.0, '77': 100.0, '80': 100.0, '81': 100.0, '83': 100.0, '87': 100.0, '88': 100.0, '92': 100.0, '5': 0.0, '60': 0.0, '63': 0.0, '89': 0.0, '90': 0.0}, 'aerialsTotal': {'27': 1.0}, 'offensiveAerials': {'27': 1.0}, 'foulsCommited': {'23': 1.0}, 'tacklesTotal': {'16': 1.0, '60': 1.0, '12': 1.0, '57': 1.0, '92': 1.0}, 'tackleSuccessful': {'16': 1.0, '60': 1.0, '12': 1.0, '57': 1.0, '92': 1.0}, 'tackleSuccess': {'16': 100.0, '60': 100.0, '12': 100.0, '57': 100.0, '92': 100.0}, 'dribblesWon': {'89': 1.0}, 'dribblesAttempted': {'89': 1.0}, 'dribbleSuccess': {'89': 100.0}}",,,,,,,13
247454,8,Martin Ødegaard,MC,178,68,26,True,False,home,"{'possession': {'0': 1.0, '4': 3.0, '8': 1.0, '9': 1.0, '11': 1.0, '13': 1.0, '14': 1.0, '16': 2.0, '17': 1.0, '19': 2.0, '28': 1.0, '29': 2.0, '30': 1.0, '34': 1.0, '36': 1.0, '37': 2.0, '39': 2.0, '43': 2.0, '60': 2.0, '63': 1.0, '73': 1.0, '74': 1.0, '80': 1.0, '81': 1.0, '82': 2.0, '83': 3.0}, 'ratings': {'0': 6.0, '1': 6.92, '4': 6.92, '8': 6.92, '9': 6.91, '11': 6.91, '13': 6.92, '14': 6.92, '16': 6.91, '17': 6.92, '19': 6.93, '21': 6.91, '28': 6.92, '29': 6.91, '30': 6.91, '34': 6.92, '36': 6.91, '37': 6.91, '39': 7.05, '43': 7.18, '52': 7.16, '55': 7.13, '56': 6.99, '58': 7.11, '60': 7.12, '63': 7.24, '69': 7.21, '72': 7.09, '73': 7.1, '74': 7.09, '77': 7.2, '80': 7.21, '81': 7.21, '82': 7.21, '83': 7.2}, 'shotsTotal': {'1': 1.0, '27': 1.0}, 'shotsOnTarget': {'1': 1.0}, 'shotsBlocked': {'27': 1.0}, 'touches': {'0': 1.0, '1': 1.0, '4': 3.0, '5': 1.0, '8': 1.0, '9': 1.0, '11': 1.0, '13': 1.0, '14': 1.0, '16': 2.0, '17': 1.0, '19': 2.0, '27': 1.0, '28': 1.0, '29': 2.0, '30': 1.0, '34': 1.0, '36': 1.0, '37': 2.0, '39': 3.0, '43': 3.0, '55': 2.0, '60': 2.0, '63': 1.0, '73': 1.0, '74': 1.0, '80': 1.0, '81': 1.0, '82': 2.0, '83': 3.0}, 'passesTotal': {'0': 1.0, '4': 3.0, '8': 1.0, '9': 1.0, '11': 1.0, '13': 1.0, '14': 1.0, '16': 2.0, '17': 1.0, '19': 2.0, '28': 1.0, '29': 2.0, '34': 1.0, '37': 2.0, '39': 2.0, '43': 2.0, '60': 2.0, '63': 1.0, '73': 1.0, '80': 1.0, '82': 1.0, '83': 2.0, '30': 1.0, '36': 1.0, '81': 1.0}, 'passesAccurate': {'0': 1.0, '4': 3.0, '8': 1.0, '9': 1.0, '11': 1.0, '13': 1.0, '14': 1.0, '16': 1.0, '17': 1.0, '19': 2.0, '28': 1.0, '29': 1.0, '34': 1.0, '37': 2.0, '39': 1.0, '43': 1.0, '60': 2.0, '63': 1.0, '73': 1.0, '80': 1.0, '82': 1.0, '83': 2.0}, 'passSuccess': {'0': 100.0, '4': 100.0, '8': 100.0, '9': 100.0, '11': 100.0, '13': 100.0, '14': 100.0, '16': 50.0, '17': 100.0, '19': 100.0, '28': 100.0, '29': 50.0, '34': 100.0, '37': 100.0, '39': 50.0, '43': 50.0, '60': 100.0, '63': 100.0, '73': 100.0, '80': 100.0, '82': 100.0, '83': 100.0, '30': 0.0, '36': 0.0, '81': 0.0}, 'aerialsTotal': {'21': 1.0}, 'defensiveAerials': {'21': 1.0}, 'cornersTotal': {'81': 1.0}, 'foulsCommited': {'9': 1.0, '52': 1.0, '72': 1.0}, 'tacklesTotal': {'39': 1.0, '43': 1.0, '69': 1.0}, 'tackleSuccessful': {'39': 1.0, '43': 1.0}, 'tackleUnsuccesful': {'69': 1.0}, 'tackleSuccess': {'39': 100.0, '43': 100.0, '69': 0.0}, 'dribbledPast': {'69': 1.0}, 'dispossessed': {'55': 1.0}}",238916.0,"{'value': 2, 'displayName': 'SecondHalf'}",85.0,,,,13
332325,41,Declan Rice,MC,188,84,26,True,False,home,"{'possession': {'0': 1.0, '1': 1.0, '10': 1.0, '15': 1.0, '16': 1.0, '18': 1.0, '19': 1.0, '27': 1.0, '28': 1.0, '35': 3.0, '36': 1.0, '37': 1.0, '42': 1.0, '44': 1.0, '47': 1.0, '50': 1.0, '51': 1.0, '53': 1.0, '57': 1.0, '61': 2.0, '63': 4.0, '66': 1.0, '68': 1.0, '69': 2.0, '71': 1.0, '82': 3.0, '83': 3.0, '85': 1.0, '88': 1.0, '89': 1.0, '92': 4.0, '93': 1.0, '94': 1.0}, 'ratings': {'0': 5.99, '1': 6.12, '10': 6.12, '15': 6.12, '16': 6.13, '18': 6.13, '19': 6.12, '25': 6.4, '26': 6.39, '27': 6.38, '28': 6.38, '33': 6.43, '34': 6.4, '35': 6.4, '36': 6.41, '37': 6.41, '42': 6.41, '44': 6.4, '47': 6.4, '50': 6.4, '51': 6.39, '52': 6.44, '53': 6.44, '56': 6.31, '57': 6.31, '58': 6.43, '61': 6.43, '63': 7.08, '66': 7.17, '68': 7.18, '69': 7.38, '71': 7.37, '77': 7.49, '82': 7.5, '83': 7.51, '85': 7.51, '88': 7.51, '89': 7.52, '92': 7.7, '93': 7.7, '94': 8.08}, 'clearances': {'33': 1.0, '52': 1.0}, 'interceptions': {'25': 1.0, '66': 1.0}, 'touches': {'0': 1.0, '1': 1.0, '10': 1.0, '15': 1.0, '16': 1.0, '18': 1.0, '19': 1.0, '25': 1.0, '27': 1.0, '28': 1.0, '33': 1.0, '34': 1.0, '35': 3.0, '36': 1.0, '37': 1.0, '42': 1.0, '44': 1.0, '47': 1.0, '50': 1.0, '51': 1.0, '52': 1.0, '53': 1.0, '57': 1.0, '61': 2.0, '63': 4.0, '66': 2.0, '68': 1.0, '69': 2.0, '71': 1.0, '82': 3.0, '83': 3.0, '85': 1.0, '88': 1.0, '89': 1.0, '92': 5.0, '93': 1.0, '94': 1.0}, 'passesTotal': {'1': 1.0, '10': 1.0, '15': 1.0, '16': 1.0, '18': 1.0, '28': 1.0, '35': 3.0, '36': 1.0, '37': 1.0, '42': 1.0, '47': 1.0, '50': 1.0, '53': 1.0, '57': 1.0, '61': 2.0, '63': 4.0, '68': 1.0, '69': 2.0, '82': 3.0, '83': 3.0, '85': 1.0, '88': 1.0, '89': 1.0, '92': 4.0, '93': 1.0, '94': 1.0, '0': 1.0, '19': 1.0, '44': 1.0, '51': 1.0, '66': 1.0}, 'passesAccurate': {'1': 1.0, '10': 1.0, '15': 1.0, '16': 1.0, '18': 1.0, '28': 1.0, '35': 3.0, '36': 1.0, '37': 1.0, '42': 1.0, '47': 1.0, '50': 1.0, '53': 1.0, '57': 1.0, '61': 2.0, '63': 4.0, '68': 1.0, '69': 2.0, '82': 3.0, '83': 3.0, '85': 1.0, '88': 1.0, '89': 1.0, '92': 4.0, '93': 1.0, '94': 1.0}, 'passesKey': {'25': 1.0, '63': 1.0, '69': 1.0, '94': 1.0}, 'passSuccess': {'1': 100.0, '10': 100.0, '15': 100.0, '16': 100.0, '18': 100.0, '28': 100.0, '35': 100.0, '36': 100.0, '37': 100.0, '42': 100.0, '47': 100.0, '50': 100.0, '53': 100.0, '57': 100.0, '61': 100.0, '63': 100.0, '68': 100.0, '69': 100.0, '82': 100.0, '83': 100.0, '85': 100.0, '88': 100.0, '89': 100.0, '92': 100.0, '93': 100.0, '94': 100.0, '0': 0.0, '19': 0.0, '44': 0.0, '51': 0.0, '66': 0.0}, 'aerialsTotal': {'26': 1.0}, 'offensiveAerials': {'26': 1.0}, 'dribblesWon': {'92': 1.0}, 'dribblesAttempted': {'92': 1.0}, 'dribbleSuccess': {'92': 100.0}}",,,,,,,13
380706,11,Gabriel Martinelli,FWR,178,75,23,True,False,home,"{'possession': {'15': 1.0, '17': 1.0, '26': 1.0, '37': 1.0, '39': 1.0, '40': 1.0, '60': 1.0, '68': 1.0, '73': 1.0, '77': 1.0, '80': 1.0, '83': 1.0, '85': 1.0, '88': 1.0, '92': 2.0, '93': 2.0, '94': 1.0}, 'ratings': {'0': 6.08, '1': 6.25, '5': 6.23, '15': 6.2, '17': 6.19, '19': 6.16, '23': 6.13, '26': 6.12, '37': 6.12, '39': 6.13, '40': 6.12, '55': 6.1, '56': 6.02, '58': 6.19, '60': 6.19, '63': 6.33, '68': 6.33, '69': 6.5, '73': 6.5, '77': 7.18, '80': 7.19, '83': 7.19, '85': 7.18, '88': 7.18, '92': 7.19, '93': 7.2, '94': 7.37}, 'shotsTotal': {'69': 1.0}, 'shotsOnTarget': {'69': 1.0}, 'touches': {'0': 1.0, '15': 2.0, '17': 1.0, '19': 1.0, '23': 1.0, '26': 1.0, '37': 1.0, '39': 1.0, '40': 1.0, '60': 1.0, '62': 1.0, '63': 1.0, '68': 1.0, '69': 1.0, '73': 1.0, '77': 1.0, '80': 1.0, '83': 1.0, '85': 1.0, '88': 1.0, '92': 2.0, '93': 2.0, '94': 1.0}, 'passesTotal': {'37': 1.0, '39': 1.0, '60': 1.0, '68': 1.0, '73': 1.0, '77': 1.0, '80': 1.0, '83': 1.0, '88': 1.0, '92': 2.0, '93': 2.0, '94': 1.0, '15': 1.0, '17': 1.0, '40': 1.0}, 'passesAccurate': {'37': 1.0, '39': 1.0, '60': 1.0, '68': 1.0, '73': 1.0, '77': 1.0, '80': 1.0, '83': 1.0, '88': 1.0, '92': 2.0, '93': 2.0, '94': 1.0}, 'passesKey': {'0': 1.0, '77': 1.0}, 'passSuccess': {'37': 100.0, '39': 100.0, '60': 100.0, '68': 100.0, '73': 100.0, '77': 100.0, '80': 100.0, '83': 100.0, '88': 100.0, '92': 100.0, '93': 100.0, '94': 100.0, '15': 0.0, '17': 0.0, '40': 0.0}, 'cornersTotal': {'26': 1.0}, 'offsidesCaught': {'5': 1.0, '55': 1.0}, 'dispossessed': {'15': 1.0, '63': 1.0}}",,,,,,,13
326413,29,Kai Havertz,FW,193,83,25,True,True,home,"{'possession': {'0': 1.0, '1': 1.0, '5': 1.0, '16': 1.0, '23': 1.0, '32': 1.0, '35': 1.0, '37': 1.0, '39': 1.0, '43': 1.0, '51': 1.0, '53': 1.0, '55': 2.0, '57': 1.0, '60': 1.0, '61': 2.0, '63': 1.0, '68': 1.0, '73': 1.0, '76': 2.0, '80': 1.0, '86': 1.0, '87': 1.0, '88': 1.0, '89': 1.0}, 'ratings': {'0': 6.17, '1': 6.99, '5': 7.0, '9': 6.98, '12': 6.98, '16': 6.99, '17': 6.97, '22': 6.95, '23': 6.95, '25': 6.86, '32': 6.86, '33': 6.98, '35': 6.98, '37': 6.99, '39': 6.99, '43': 6.99, '45': 6.96, '51': 6.95, '52': 7.0, '53': 7.0, '55': 7.01, '56': 6.94, '57': 7.02, '58': 7.22, '60': 7.22, '61': 7.23, '63': 7.51, '68': 7.51, '69': 7.6, '73': 7.6, '76': 7.6, '77': 8.77, '80': 8.77, '86': 8.77, '87': 8.78, '88': 8.78, '89': 8.78}, 'shotsTotal': {'0': 1.0, '25': 1.0, '61': 1.0, '77': 1.0}, 'shotsOnTarget': {'0': 1.0, '77': 1.0}, 'shotsOffTarget': {'25': 1.0}, 'shotsBlocked': {'61': 1.0}, 'clearances': {'52': 1.0}, 'touches': {'0': 2.0, '1': 1.0, '5': 1.0, '12': 2.0, '16': 1.0, '23': 1.0, '25': 1.0, '32': 1.0, '33': 1.0, '35': 1.0, '37': 1.0, '39': 1.0, '43': 1.0, '51': 1.0, '52': 1.0, '53': 1.0, '55': 2.0, '57': 1.0, '60': 1.0, '61': 3.0, '63': 1.0, '68': 1.0, '69': 1.0, '73': 1.0, '76': 2.0, '77': 1.0, '80': 1.0, '86': 1.0, '87': 1.0, '88': 1.0, '89': 1.0}, 'passesTotal': {'0': 1.0, '1': 1.0, '5': 1.0, '16': 1.0, '23': 1.0, '32': 1.0, '35': 1.0, '37': 1.0, '39': 1.0, '43': 1.0, '53': 1.0, '55': 2.0, '60': 1.0, '61': 2.0, '63': 1.0, '68': 1.0, '73': 1.0, '76': 2.0, '80': 1.0, '86': 1.0, '87': 1.0, '88': 1.0, '89': 1.0, '51': 1.0, '57': 1.0}, 'passesAccurate': {'0': 1.0, '1': 1.0, '5': 1.0, '16': 1.0, '23': 1.0, '32': 1.0, '35': 1.0, '37': 1.0, '39': 1.0, '43': 1.0, '53': 1.0, '55': 2.0, '60': 1.0, '61': 2.0, '63': 1.0, '68': 1.0, '73': 1.0, '76': 2.0, '80': 1.0, '86': 1.0, '87': 1.0, '88': 1.0, '89': 1.0}, 'passesKey': {'1': 1.0}, 'passSuccess': {'0': 100.0, '1': 100.0, '5': 100.0, '16': 100.0, '23': 100.0, '32': 100.0, '35': 100.0, '37': 100.0, '39': 100.0, '43': 100.0, '53': 100.0, '55': 100.0, '60': 100.0, '61': 100.0, '63': 100.0, '68': 100.0, '73': 100.0, '76': 100.0, '80': 100.0, '86': 100.0, '87': 100.0, '88': 100.0, '89': 100.0, '51': 0.0, '57': 0.0}, 'aerialsTotal': {'33': 1.0, '57': 1.0, '63': 1.0, '17': 1.0, '22': 1.0}, 'aerialsWon': {'33': 1.0, '57': 1.0, '63': 1.0}, 'aerialSuccess': {'17': 0.0, '22': 0.0}, 'offensiveAerials': {'17': 1.0, '57': 1.0, '63': 1.0}, 'defensiveAerials': {'22': 1.0, '33': 1.0}, 'offsidesCaught': {'9': 1.0}, 'tacklesTotal': {'69': 1.0, '45': 1.0}, 'tackleSuccessful': {'69': 1.0}, 'tackleUnsuccesful': {'45': 1.0}, 'tackleSuccess': {'69': 100.0, '45': 0.0}, 'dribbledPast': {'45': 1.0}}",97692.0,"{'value': 2, 'displayName': 'SecondHalf'}",91.0,,,,13
113994,19,Leandro Trossard,FWL,172,61,30,True,False,home,"{'possession': {'15': 2.0, '16': 2.0, '26': 1.0, '29': 1.0, '32': 1.0, '35': 2.0, '36': 1.0, '53': 2.0, '54': 2.0, '61': 1.0, '69': 1.0, '74': 1.0, '76': 1.0}, 'ratings': {'0': 6.0, '1': 6.17, '4': 6.13, '14': 6.47, '15': 6.47, '16': 6.47, '19': 6.43, '26': 6.43, '29': 6.6, '32': 6.6, '35': 6.6, '36': 6.61, '39': 6.66, '46': 6.71, '50': 6.67, '53': 6.67, '54': 6.67, '56': 6.59, '57': 6.55, '58': 6.72, '61': 6.72, '62': 6.77, '63': 6.91, '68': 6.89, '69': 6.92, '72': 6.85, '74': 6.87, '76': 6.87, '77': 7.04}, 'clearances': {'39': 1.0, '62': 1.0}, 'touches': {'1': 1.0, '4': 2.0, '14': 4.0, '15': 2.0, '16': 2.0, '19': 1.0, '26': 1.0, '29': 2.0, '32': 1.0, '35': 2.0, '36': 1.0, '39': 1.0, '46': 1.0, '50': 2.0, '53': 2.0, '54': 2.0, '57': 1.0, '61': 1.0, '62': 1.0, '63': 1.0, '68': 1.0, '69': 3.0, '72': 2.0, '74': 1.0, '76': 1.0}, 'passesTotal': {'15': 2.0, '16': 2.0, '26': 1.0, '29': 1.0, '35': 2.0, '36': 1.0, '53': 1.0, '54': 2.0, '61': 1.0, '69': 1.0, '74': 1.0, '76': 1.0, '32': 1.0}, 'passesAccurate': {'15': 2.0, '16': 1.0, '26': 1.0, '29': 1.0, '35': 2.0, '36': 1.0, '53': 1.0, '54': 2.0, '61': 1.0, '69': 1.0, '74': 1.0, '76': 1.0}, 'passSuccess': {'15': 100.0, '16': 50.0, '26': 100.0, '29': 100.0, '35': 100.0, '36': 100.0, '53': 100.0, '54': 100.0, '61': 100.0, '69': 100.0, '74': 100.0, '76': 100.0, '32': 0.0}, 'dribblesWon': {'14': 2.0, '29': 1.0}, 'dribblesAttempted': {'14': 2.0, '29': 1.0, '68': 1.0, '69': 1.0}, 'dribblesLost': {'68': 1.0, '69': 1.0}, 'dribbleSuccess': {'14': 100.0, '29': 100.0, '68': 0.0, '69': 0.0}, 'dispossessed': {'4': 1.0, '19': 1.0, '50': 1.0, '72': 1.0}}",456771.0,"{'value': 2, 'displayName': 'SecondHalf'}",85.0,,,,13
386519,33,Riccardo Calafiori,Sub,188,86,22,,False,home,"{'possession': {'92': 3.0, '93': 1.0}, 'ratings': {'91': 6.0, '92': 6.01, '93': 6.01, '94': 6.11}, 'touches': {'92': 3.0, '93': 1.0}, 'passesTotal': {'92': 3.0, '93': 1.0}, 'passesAccurate': {'92': 3.0, '93': 1.0}, 'passSuccess': {'92': 100.0, '93': 100.0}}",,,,"{'value': 2, 'displayName': 'SecondHalf'}",91.0,467918.0,13
238916,23,Mikel Merino,Sub,189,83,28,,False,home,"{'possession': {'87': 1.0, '89': 1.0, '91': 2.0, '92': 1.0, '93': 1.0}, 'ratings': {'85': 6.0, '87': 6.09, '88': 6.05, '89': 6.22, '91': 6.22, '92': 6.22, '93': 6.22, '94': 6.32}, 'touches': {'87': 1.0, '88': 1.0, '89': 2.0, '91': 2.0, '92': 1.0, '93': 1.0}, 'passesTotal': {'87': 1.0, '89': 1.0, '91': 2.0, '93': 1.0, '92': 1.0}, 'passesAccurate': {'87': 1.0, '89': 1.0, '91': 1.0, '93': 1.0}, 'passSuccess': {'87': 100.0, '89': 100.0, '91': 50.0, '93': 100.0, '92': 0.0}, 'aerialsTotal': {'87': 1.0}, 'aerialsWon': {'87': 1.0}, 'offensiveAerials': {'87': 1.0}, 'dribblesWon': {'89': 1.0}, 'dribblesAttempted': {'89': 1.0}, 'dribbleSuccess': {'89': 100.0}, 'dispossessed': {'88': 1.0}}",,,,"{'value': 2, 'displayName': 'SecondHalf'}",85.0,247454.0,13
97692,30,Raheem Sterling,Sub,172,69,30,,False,home,"{'possession': {'92': 1.0, '93': 3.0}, 'ratings': {'91': 6.0, '92': 6.0, '93': 6.01, '94': 6.11}, 'touches': {'92': 1.0, '93': 3.0}, 'passesTotal': {'92': 1.0, '93': 3.0}, 'passesAccurate': {'92': 1.0, '93': 3.0}, 'passSuccess': {'92': 100.0, '93': 100.0}}",,,,"{'value': 2, 'displayName': 'SecondHalf'}",91.0,326413.0,13
456771,53,Ethan Nwaneri,Sub,176,70,17,,False,home,"{'possession': {'86': 2.0, '87': 1.0, '88': 1.0, '90': 2.0, '93': 1.0}, 'ratings': {'85': 6.0, '86': 6.01, '87': 6.14, '88': 6.15, '90': 6.3, '92': 6.44, '93': 6.44, '94': 7.51}, 'shotsTotal': {'94': 1.0}, 'shotsOnTarget': {'94': 1.0}, 'touches': {'86': 2.0, '87': 3.0, '88': 1.0, '90': 2.0, '92': 2.0, '93': 1.0, '94': 1.0}, 'passesTotal': {'86': 2.0, '87': 1.0, '88': 1.0, '93': 1.0}, 'passesAccurate': {'86': 2.0, '87': 1.0, '88': 1.0, '93': 1.0}, 'passesKey': {'90': 1.0}, 'passSuccess': {'86': 100.0, '87': 100.0, '88': 100.0, '93': 100.0}, 'cornersTotal': {'90': 1.0}, 'cornersAccurate': {'86': 1.0, '90': 1.0}, 'throwInAccuracy': {'90': 100.0}, 'dribblesWon': {'87': 1.0, '92': 1.0}, 'dribblesAttempted': {'87': 1.0, '92': 1.0}, 'dribbleSuccess': {'87': 100.0, '92': 100.0}, 'dispossessed': {'87': 1.0, '92': 1.0}}",,,,"{'value': 2, 'displayName': 'SecondHalf'}",85.0,113994.0,13
76202,32,Neto,Sub,190,84,35,,False,home,{},,,,,,,13
106968,20,Jorginho,Sub,180,65,33,,False,home,{},,,,,,,13
424462,15,Jakub Kiwior,Sub,189,75,24,,False,home,{},,,,,,,13
273257,17,Oleksandr Zinchenko,Sub,175,64,28,,False,home,{},,,,,,,13
297403,3,Kieran Tierney,Sub,178,70,27,,False,home,{},,,,,,,13
133569,18,Stefan Ortega,GK,185,88,32,True,False,away,"{'totalSaves': {'0': 1.0, '69': 1.0}, 'collected': {'0': 1.0}, 'parriedSafe': {'69': 1.0}, 'possession': {'0': 2.0, '1': 1.0, '2': 1.0, '5': 2.0, '10': 1.0, '15': 1.0, '16': 1.0, '25': 1.0, '26': 1.0, '30': 1.0, '31': 1.0, '34': 1.0, '36': 1.0, '38': 2.0, '47': 1.0, '51': 1.0, '54': 1.0, '59': 1.0, '60': 1.0, '65': 2.0, '66': 1.0, '75': 2.0, '79': 3.0, '87': 1.0, '91': 1.0}, 'ratings': {'0': 6.12, '1': 5.85, '2': 5.86, '5': 5.87, '10': 5.88, '15': 5.86, '16': 5.95, '25': 5.6, '26': 5.61, '30': 5.59, '31': 5.59, '34': 5.58, '36': 5.58, '38': 5.59, '47': 5.59, '51': 5.58, '54': 5.57, '56': 5.62, '58': 5.22, '59': 5.2, '60': 5.21, '63': 4.94, '65': 4.94, '66': 4.93, '69': 5.3, '74': 5.4, '75': 5.39, '77': 5.12, '79': 5.14, '82': 5.21, '87': 5.2, '91': 5.19, '92': 5.24, '94': 4.84}, 'clearances': {'74': 1.0, '82': 1.0, '92': 1.0}, 'touches': {'0': 3.0, '1': 1.0, '2': 1.0, '5': 2.0, '10': 1.0, '15': 1.0, '16': 2.0, '25': 1.0, '26': 1.0, '30': 1.0, '31': 1.0, '34': 1.0, '36': 1.0, '38': 2.0, '47': 1.0, '51': 1.0, '54': 1.0, '59': 1.0, '60': 1.0, '65': 2.0, '66': 1.0, '69': 1.0, '74': 1.0, '75': 2.0, '79': 3.0, '82': 1.0, '87': 1.0, '91': 1.0, '92': 1.0}, 'passesTotal': {'0': 1.0, '1': 1.0, '2': 1.0, '5': 2.0, '10': 1.0, '26': 1.0, '31': 1.0, '36': 1.0, '38': 2.0, '60': 1.0, '65': 2.0, '75': 2.0, '79': 3.0, '15': 1.0, '16': 1.0, '25': 1.0, '30': 1.0, '34': 1.0, '51': 1.0, '54': 1.0, '59': 1.0, '66': 1.0, '87': 1.0, '91': 1.0}, 'passesAccurate': {'0': 1.0, '1': 1.0, '2': 1.0, '5': 2.0, '10': 1.0, '26': 1.0, '31': 1.0, '36': 1.0, '38': 2.0, '60': 1.0, '65': 2.0, '75': 1.0, '79': 3.0}, 'passSuccess': {'0': 100.0, '1': 100.0, '2': 100.0, '5': 100.0, '10': 100.0, '26': 100.0, '31': 100.0, '36': 100.0, '38': 100.0, '60': 100.0, '65': 100.0, '75': 50.0, '79': 100.0, '15': 0.0, '16': 0.0, '25': 0.0, '30': 0.0, '34': 0.0, '51': 0.0, '54': 0.0, '59': 0.0, '66': 0.0, '87': 0.0, '91': 0.0}, 'errors': {'25': 1.0}}",,,,,,,167
394933,27,Matheus Nunes,DR,183,78,26,True,False,away,"{'possession': {'3': 1.0, '6': 1.0, '7': 2.0, '10': 1.0, '11': 1.0, '14': 1.0, '20': 4.0, '21': 2.0, '22': 1.0, '33': 2.0, '37': 1.0, '39': 1.0, '40': 1.0, '41': 1.0, '43': 1.0, '44': 1.0, '45': 1.0, '47': 1.0, '48': 3.0, '50': 1.0, '56': 1.0, '57': 1.0, '59': 1.0, '60': 1.0, '61': 1.0, '66': 4.0, '67': 1.0, '68': 1.0, '69': 1.0, '75': 1.0, '76': 1.0, '77': 1.0}, 'ratings': {'0': 6.0, '1': 5.83, '3': 5.83, '6': 5.83, '7': 5.82, '10': 5.82, '11': 5.82, '14': 5.81, '17': 5.77, '19': 5.91, '20': 5.92, '21': 5.92, '22': 5.92, '26': 6.05, '29': 6.02, '33': 6.01, '34': 5.98, '37': 5.99, '39': 5.99, '40': 5.99, '41': 6.0, '43': 5.99, '44': 5.98, '45': 5.98, '47': 5.98, '48': 5.99, '50': 6.12, '51': 6.22, '56': 6.31, '57': 6.32, '58': 6.15, '59': 6.16, '60': 6.16, '61': 6.15, '63': 5.99, '66': 5.99, '67': 5.99, '68': 6.0, '69': 5.99, '75': 5.96, '76': 5.96, '77': 5.8, '94': 5.63}, 'clearances': {'26': 1.0}, 'interceptions': {'51': 1.0}, 'touches': {'1': 1.0, '3': 3.0, '4': 1.0, '6': 1.0, '7': 2.0, '10': 1.0, '11': 1.0, '14': 2.0, '17': 1.0, '19': 1.0, '20': 4.0, '21': 2.0, '22': 2.0, '26': 1.0, '33': 2.0, '34': 1.0, '37': 1.0, '39': 1.0, '40': 1.0, '41': 2.0, '43': 1.0, '44': 1.0, '45': 1.0, '47': 1.0, '48': 3.0, '50': 3.0, '51': 1.0, '56': 1.0, '57': 1.0, '59': 2.0, '60': 1.0, '61': 1.0, '66': 4.0, '67': 1.0, '68': 1.0, '69': 1.0, '75': 1.0, '76': 1.0, '77': 1.0}, 'passesTotal': {'6': 1.0, '7': 2.0, '10': 1.0, '11': 1.0, '20': 4.0, '21': 2.0, '33': 1.0, '37': 1.0, '39': 1.0, '40': 1.0, '41': 1.0, '45': 1.0, '47': 1.0, '48': 3.0, '56': 1.0, '57': 1.0, '59': 1.0, '60': 1.0, '66': 3.0, '67': 1.0, '68': 1.0, '75': 1.0, '76': 1.0, '77': 1.0, '3': 1.0, '14': 1.0, '50': 1.0, '69': 1.0}, 'passesAccurate': {'6': 1.0, '7': 2.0, '10': 1.0, '11': 1.0, '20': 4.0, '21': 2.0, '33': 1.0, '37': 1.0, '39': 1.0, '40': 1.0, '41': 1.0, '45': 1.0, '47': 1.0, '48': 3.0, '56': 1.0, '57': 1.0, '59': 1.0, '60': 1.0, '66': 3.0, '67': 1.0, '68': 1.0, '75': 1.0, '76': 1.0, '77': 1.0}, 'passSuccess': {'6': 100.0, '7': 100.0, '10': 100.0, '11': 100.0, '20': 100.0, '21': 100.0, '33': 100.0, '37': 100.0, '39': 100.0, '40': 100.0, '41': 100.0, '45': 100.0, '47': 100.0, '48': 100.0, '56': 100.0, '57': 100.0, '59': 100.0, '60': 100.0, '66': 100.0, '67': 100.0, '68': 100.0, '75': 100.0, '76': 100.0, '77': 100.0, '3': 0.0, '14': 0.0, '50': 0.0, '69': 0.0}, 'aerialsTotal': {'26': 1.0}, 'aerialsWon': {'26': 1.0}, 'defensiveAerials': {'26': 1.0}, 'cornersTotal': {'22': 1.0}, 'throwInsTotal': {'1': 1.0, '3': 2.0, '4': 1.0, '22': 1.0, '41': 1.0, '50': 1.0, '59': 1.0}, 'throwInsAccurate': {'1': 1.0, '3': 1.0, '4': 1.0, '22': 1.0, '41': 1.0, '50': 1.0, '59': 1.0}, 'offsidesCaught': {'7': 1.0}, 'tacklesTotal': {'19': 1.0, '50': 1.0, '29': 1.0, '75': 1.0}, 'tackleSuccessful': {'19': 1.0, '50': 1.0}, 'tackleUnsuccesful': {'29': 1.0, '75': 1.0}, 'tackleSuccess': {'19': 100.0, '50': 100.0, '29': 0.0, '75': 0.0}, 'dribbledPast': {'29': 1.0, '75': 1.0}, 'dispossessed': {'17': 1.0, '34': 1.0}}",,,,,,,167
297390,25,Manuel Akanji,DC,186,91,29,True,False,away,"{'possession': {'1': 1.0, '6': 3.0, '7': 4.0, '10': 1.0, '11': 3.0, '17': 1.0, '20': 5.0, '21': 2.0, '23': 1.0, '25': 2.0, '32': 2.0, '33': 1.0, '37': 1.0, '38': 3.0, '39': 1.0, '41': 3.0, '43': 1.0, '44': 1.0, '45': 2.0, '48': 2.0, '50': 1.0, '51': 1.0, '52': 1.0, '59': 2.0, '60': 4.0, '62': 1.0, '65': 1.0, '66': 2.0, '67': 1.0, '69': 1.0, '73': 1.0, '75': 2.0, '76': 2.0, '77': 1.0, '79': 2.0}, 'ratings': {'0': 6.0, '1': 4.95, '6': 4.96, '7': 4.97, '9': 4.99, '10': 4.99, '11': 5.0, '17': 5.08, '19': 5.18, '20': 5.2, '21': 5.2, '23': 5.25, '25': 5.26, '32': 5.31, '33': 5.28, '37': 5.28, '38': 5.3, '39': 5.3, '41': 5.31, '43': 5.32, '44': 5.32, '45': 5.32, '48': 5.33, '50': 5.32, '51': 5.33, '52': 5.32, '56': 5.39, '58': 5.19, '59': 5.19, '60': 5.21, '62': 5.21, '63': 5.01, '65': 5.01, '66': 5.02, '67': 5.02, '68': 5.03, '69': 5.03, '73': 5.03, '75': 5.04, '76': 5.05, '77': 4.86, '79': 4.86, '83': 4.91, '90': 4.96, '94': 4.76}, 'shotsTotal': {'32': 1.0}, 'shotsOffTarget': {'32': 1.0}, 'clearances': {'23': 1.0, '83': 1.0, '90': 1.0}, 'interceptions': {'19': 1.0}, 'touches': {'1': 1.0, '6': 3.0, '7': 4.0, '10': 1.0, '11': 3.0, '17': 1.0, '19': 1.0, '20': 5.0, '21': 2.0, '23': 2.0, '25': 2.0, '32': 3.0, '33': 1.0, '37': 1.0, '38': 3.0, '39': 1.0, '41': 3.0, '43': 1.0, '44': 1.0, '45': 2.0, '48': 2.0, '50': 1.0, '51': 1.0, '52': 1.0, '59': 2.0, '60': 4.0, '62': 1.0, '65': 1.0, '66': 2.0, '67': 1.0, '69': 1.0, '73': 1.0, '75': 2.0, '76': 2.0, '77': 1.0, '79': 2.0, '83': 1.0, '90': 1.0}, 'passesTotal': {'6': 3.0, '7': 4.0, '10': 1.0, '11': 3.0, '17': 1.0, '20': 5.0, '21': 2.0, '23': 1.0, '25': 2.0, '32': 2.0, '33': 1.0, '37': 1.0, '38': 3.0, '39': 1.0, '41': 3.0, '43': 1.0, '44': 1.0, '45': 2.0, '48': 2.0, '51': 1.0, '59': 2.0, '60': 4.0, '62': 1.0, '65': 1.0, '66': 2.0, '67': 1.0, '69': 1.0, '73': 1.0, '75': 2.0, '76': 2.0, '77': 1.0, '79': 2.0, '1': 1.0, '50': 1.0, '52': 1.0}, 'passesAccurate': {'6': 3.0, '7': 4.0, '10': 1.0, '11': 3.0, '17': 1.0, '20': 5.0, '21': 2.0, '23': 1.0, '25': 2.0, '32': 2.0, '33': 1.0, '37': 1.0, '38': 3.0, '39': 1.0, '41': 3.0, '43': 1.0, '44': 1.0, '45': 2.0, '48': 2.0, '51': 1.0, '59': 2.0, '60': 4.0, '62': 1.0, '65': 1.0, '66': 2.0, '67': 1.0, '69': 1.0, '73': 1.0, '75': 2.0, '76': 2.0, '77': 1.0, '79': 2.0}, 'passSuccess': {'6': 100.0, '7': 100.0, '10': 100.0, '11': 100.0, '17': 100.0, '20': 100.0, '21': 100.0, '23': 100.0, '25': 100.0, '32': 100.0, '33': 100.0, '37': 100.0, '38': 100.0, '39': 100.0, '41': 100.0, '43': 100.0, '44': 100.0, '45': 100.0, '48': 100.0, '51': 100.0, '59': 100.0, '60': 100.0, '62': 100.0, '65': 100.0, '66': 100.0, '67': 100.0, '69': 100.0, '73': 100.0, '75': 100.0, '76': 100.0, '77': 100.0, '79': 100.0, '1': 0.0, '50': 0.0, '52': 0.0}, 'aerialsTotal': {'17': 1.0, '32': 1.0, '33': 1.0}, 'aerialsWon': {'17': 1.0, '32': 1.0}, 'aerialSuccess': {'33': 0.0}, 'offensiveAerials': {'32': 1.0, '33': 1.0}, 'defensiveAerials': {'17': 1.0}, 'foulsCommited': {'33': 1.0}, 'errors': {'1': 1.0}}",,,,,,,167
101374,5,John Stones,DC,188,80,30,True,False,away,"{'possession': {'1': 3.0, '5': 2.0, '6': 1.0, '7': 3.0, '9': 1.0, '10': 2.0, '11': 4.0, '12': 1.0, '14': 1.0, '17': 1.0, '18': 3.0, '20': 1.0, '21': 3.0, '24': 1.0, '25': 1.0, '26': 2.0, '31': 2.0, '33': 2.0, '34': 1.0, '36': 1.0, '38': 3.0, '39': 1.0, '40': 2.0, '41': 2.0, '43': 1.0, '45': 1.0, '47': 1.0, '48': 1.0, '49': 3.0, '50': 3.0, '54': 1.0, '55': 1.0, '59': 1.0, '60': 1.0, '62': 2.0, '65': 3.0, '66': 1.0, '67': 2.0, '73': 1.0, '75': 1.0, '76': 1.0, '77': 1.0, '79': 1.0, '91': 1.0}, 'ratings': {'0': 6.0, '1': 5.81, '5': 5.82, '6': 5.83, '7': 5.83, '9': 5.84, '10': 5.83, '11': 5.84, '12': 5.84, '14': 5.89, '17': 5.89, '18': 5.89, '20': 5.89, '21': 5.9, '24': 5.9, '25': 5.9, '26': 5.9, '30': 5.95, '31': 5.96, '33': 5.96, '34': 5.96, '36': 5.97, '38': 5.98, '39': 5.98, '40': 5.99, '41': 6.0, '43': 6.0, '45': 6.17, '47': 6.17, '48': 6.17, '49': 6.17, '50': 6.18, '54': 6.18, '55': 6.19, '56': 6.25, '57': 6.24, '58': 6.04, '59': 6.04, '60': 6.04, '61': 6.12, '62': 6.13, '63': 5.91, '65': 5.92, '66': 5.92, '67': 5.94, '73': 5.94, '75': 5.94, '76': 5.95, '77': 5.75, '79': 5.75, '81': 5.8, '82': 5.88, '91': 5.87, '94': 5.67}, 'clearances': {'14': 1.0, '30': 1.0, '81': 1.0}, 'touches': {'1': 3.0, '5': 2.0, '6': 1.0, '7': 4.0, '9': 1.0, '10': 2.0, '11': 4.0, '12': 1.0, '14': 2.0, '17': 1.0, '18': 3.0, '20': 1.0, '21': 3.0, '24': 1.0, '25': 1.0, '26': 2.0, '30': 1.0, '31': 2.0, '33': 2.0, '34': 1.0, '36': 1.0, '38': 3.0, '39': 1.0, '40': 2.0, '41': 2.0, '43': 1.0, '45': 2.0, '47': 1.0, '48': 1.0, '49': 3.0, '50': 3.0, '54': 1.0, '55': 1.0, '59': 1.0, '60': 1.0, '61': 1.0, '62': 2.0, '65': 3.0, '66': 1.0, '67': 2.0, '73': 1.0, '75': 1.0, '76': 1.0, '77': 1.0, '79': 1.0, '81': 1.0, '82': 1.0, '91': 1.0}, 'passesTotal': {'1': 3.0, '5': 2.0, '6': 1.0, '7': 3.0, '9': 1.0, '10': 2.0, '11': 4.0, '12': 1.0, '14': 1.0, '17': 1.0, '18': 3.0, '20': 1.0, '21': 3.0, '24': 1.0, '25': 1.0, '26': 2.0, '31': 2.0, '33': 2.0, '34': 1.0, '36': 1.0, '38': 3.0, '39': 1.0, '40': 2.0, '41': 2.0, '43': 1.0, '45': 1.0, '47': 1.0, '48': 1.0, '49': 3.0, '50': 3.0, '54': 1.0, '55': 1.0, '59': 1.0, '60': 1.0, '62': 2.0, '65': 3.0, '66': 1.0, '67': 2.0, '73': 1.0, '75': 1.0, '76': 1.0, '77': 1.0, '79': 1.0, '91': 1.0}, 'passesAccurate': {'1': 3.0, '5': 2.0, '6': 1.0, '7': 3.0, '9': 1.0, '10': 1.0, '11': 4.0, '12': 1.0, '14': 1.0, '17': 1.0, '18': 2.0, '20': 1.0, '21': 3.0, '24': 1.0, '25': 1.0, '26': 2.0, '31': 2.0, '33': 2.0, '34': 1.0, '36': 1.0, '38': 3.0, '39': 1.0, '40': 2.0, '41': 2.0, '43': 1.0, '45': 1.0, '47': 1.0, '48': 1.0, '49': 2.0, '50': 3.0, '54': 1.0, '55': 1.0, '59': 1.0, '60': 1.0, '62': 2.0, '65': 3.0, '66': 1.0, '67': 2.0, '73': 1.0, '75': 1.0, '76': 1.0, '77': 1.0, '79': 1.0}, 'passSuccess': {'1': 100.0, '5': 100.0, '6': 100.0, '7': 100.0, '9': 100.0, '10': 50.0, '11': 100.0, '12': 100.0, '14': 100.0, '17': 100.0, '18': 66.67, '20': 100.0, '21': 100.0, '24': 100.0, '25': 100.0, '26': 100.0, '31': 100.0, '33': 100.0, '34': 100.0, '36': 100.0, '38': 100.0, '39': 100.0, '40': 100.0, '41': 100.0, '43': 100.0, '45': 100.0, '47': 100.0, '48': 100.0, '49': 66.67, '50': 100.0, '54': 100.0, '55': 100.0, '59': 100.0, '60': 100.0, '62': 100.0, '65': 100.0, '66': 100.0, '67': 100.0, '73': 100.0, '75': 100.0, '76': 100.0, '77': 100.0, '79': 100.0, '91': 0.0}, 'aerialsTotal': {'57': 1.0, '63': 1.0}, 'defensiveAerials': {'57': 1.0, '63': 1.0}, 'dribblesWon': {'45': 1.0}, 'dribblesAttempted': {'45': 1.0}, 'dribbleSuccess': {'45': 100.0}}",,,,,,,167
402664,24,Josko Gvardiol,DL,185,80,23,True,False,away,"{'possession': {'0': 3.0, '1': 1.0, '5': 2.0, '6': 3.0, '7': 4.0, '9': 1.0, '10': 1.0, '15': 1.0, '17': 1.0, '18': 1.0, '19': 1.0, '20': 2.0, '21': 3.0, '23': 1.0, '31': 1.0, '36': 3.0, '38': 1.0, '40': 3.0, '41': 2.0, '43': 2.0, '45': 1.0, '49': 1.0, '50': 2.0, '55': 1.0, '57': 2.0, '60': 1.0, '61': 1.0, '62': 3.0, '66': 2.0, '67': 4.0, '69': 1.0, '74': 2.0, '76': 3.0, '77': 2.0}, 'ratings': {'0': 5.65, '1': 5.48, '5': 5.47, '6': 5.48, '7': 5.49, '9': 5.49, '10': 5.5, '15': 5.5, '17': 5.56, '18': 5.56, '19': 5.56, '20': 5.56, '21': 5.57, '22': 5.82, '23': 5.82, '27': 5.96, '31': 5.96, '36': 5.97, '38': 5.98, '40': 5.99, '41': 5.98, '43': 5.99, '44': 6.04, '45': 6.04, '49': 6.05, '50': 6.05, '55': 6.15, '56': 6.24, '57': 6.24, '58': 6.07, '60': 6.08, '61': 6.09, '62': 6.1, '63': 6.07, '66': 6.07, '67': 6.09, '68': 6.05, '69': 6.23, '73': 6.33, '74': 6.34, '76': 6.35, '77': 6.19, '81': 6.24, '83': 6.29, '85': 6.34, '86': 6.3, '87': 6.44, '89': 6.49, '92': 6.59, '94': 6.42}, 'shotsTotal': {'22': 1.0}, 'shotsOnTarget': {'22': 1.0}, 'clearances': {'17': 1.0, '27': 1.0, '44': 1.0, '63': 1.0, '81': 1.0, '85': 1.0, '89': 1.0, '92': 1.0}, 'interceptions': {'73': 1.0}, 'touches': {'0': 3.0, '1': 1.0, '5': 2.0, '6': 3.0, '7': 4.0, '9': 2.0, '10': 1.0, '15': 1.0, '17': 2.0, '18': 1.0, '19': 1.0, '20': 2.0, '21': 3.0, '22': 1.0, '23': 1.0, '27': 1.0, '28': 1.0, '31': 1.0, '36': 3.0, '38': 1.0, '40': 3.0, '41': 2.0, '43': 2.0, '44': 1.0, '45': 1.0, '47': 1.0, '49': 1.0, '50': 2.0, '55': 2.0, '57': 2.0, '60': 1.0, '61': 1.0, '62': 3.0, '63': 2.0, '66': 2.0, '67': 4.0, '68': 1.0, '69': 2.0, '73': 1.0, '74': 3.0, '76': 3.0, '77': 2.0, '80': 1.0, '81': 2.0, '83': 1.0, '85': 1.0, '86': 2.0, '87': 1.0, '89': 1.0, '92': 2.0}, 'passesTotal': {'0': 3.0, '1': 1.0, '5': 2.0, '6': 3.0, '7': 4.0, '9': 1.0, '10': 1.0, '15': 1.0, '17': 1.0, '18': 1.0, '19': 1.0, '20': 2.0, '21': 3.0, '23': 1.0, '31': 1.0, '36': 3.0, '38': 1.0, '40': 3.0, '41': 1.0, '43': 2.0, '45': 1.0, '49': 1.0, '50': 2.0, '55': 1.0, '57': 2.0, '60': 1.0, '61': 1.0, '62': 3.0, '66': 2.0, '67': 4.0, '69': 1.0, '74': 2.0, '76': 3.0, '77': 2.0}, 'passesAccurate': {'0': 1.0, '1': 1.0, '5': 1.0, '6': 3.0, '7': 4.0, '9': 1.0, '10': 1.0, '15': 1.0, '17': 1.0, '18': 1.0, '19': 1.0, '20': 2.0, '21': 3.0, '23': 1.0, '31': 1.0, '36': 3.0, '38': 1.0, '40': 3.0, '41': 1.0, '43': 2.0, '45': 1.0, '49': 1.0, '50': 2.0, '55': 1.0, '57': 2.0, '60': 1.0, '61': 1.0, '62': 3.0, '66': 2.0, '67': 4.0, '69': 1.0, '74': 2.0, '76': 3.0, '77': 2.0}, 'passSuccess': {'0': 33.33, '1': 100.0, '5': 50.0, '6': 100.0, '7': 100.0, '9': 100.0, '10': 100.0, '15': 100.0, '17': 100.0, '18': 100.0, '19': 100.0, '20': 100.0, '21': 100.0, '23': 100.0, '31': 100.0, '36': 100.0, '38': 100.0, '40': 100.0, '41': 100.0, '43': 100.0, '45': 100.0, '49': 100.0, '50': 100.0, '55': 100.0, '57': 100.0, '60': 100.0, '61': 100.0, '62': 100.0, '66': 100.0, '67': 100.0, '69': 100.0, '74': 100.0, '76': 100.0, '77': 100.0}, 'aerialsTotal': {'22': 1.0, '27': 1.0}, 'aerialsWon': {'22': 1.0, '27': 1.0}, 'offensiveAerials': {'22': 1.0}, 'defensiveAerials': {'27': 1.0}, 'throwInsTotal': {'9': 1.0, '28': 1.0, '47': 1.0, '80': 1.0, '81': 1.0}, 'throwInsAccurate': {'9': 1.0, '28': 1.0, '80': 1.0}, 'tacklesTotal': {'87': 1.0, '55': 1.0, '63': 1.0, '92': 2.0}, 'tackleSuccessful': {'87': 1.0, '55': 1.0, '63': 1.0, '92': 1.0}, 'tackleUnsuccesful': {'92': 1.0}, 'tackleSuccess': {'87': 100.0, '55': 100.0, '63': 100.0, '92': 50.0}, 'dribbledPast': {'92': 1.0}, 'dribblesWon': {'69': 1.0}, 'dribblesAttempted': {'69': 1.0}, 'dribbleSuccess': {'69': 100.0}, 'dispossessed': {'86': 1.0}, 'errors': {'0': 1.0}}",,,,,,,167
93894,8,Mateo Kovacic,DMC,177,78,30,True,False,away,"{'possession': {'3': 1.0, '6': 5.0, '7': 1.0, '9': 1.0, '10': 1.0, '11': 2.0, '17': 1.0, '18': 2.0, '19': 1.0, '20': 2.0, '21': 2.0, '23': 2.0, '24': 1.0, '25': 2.0, '31': 2.0, '33': 1.0, '34': 1.0, '38': 1.0, '39': 1.0, '40': 2.0, '43': 1.0, '45': 2.0, '48': 2.0, '49': 2.0, '50': 1.0, '55': 3.0, '59': 1.0, '60': 2.0, '62': 3.0, '66': 1.0, '67': 2.0, '68': 1.0, '73': 1.0, '77': 2.0, '79': 2.0, '86': 1.0}, 'ratings': {'0': 6.0, '1': 5.85, '3': 5.85, '6': 5.87, '7': 5.87, '9': 5.89, '10': 5.89, '11': 6.03, '15': 6.11, '17': 6.12, '18': 6.12, '19': 6.12, '20': 6.13, '21': 6.23, '23': 6.23, '24': 6.24, '25': 6.25, '30': 6.29, '31': 6.29, '33': 6.29, '34': 6.3, '38': 6.31, '39': 6.42, '40': 6.43, '43': 6.43, '44': 6.6, '45': 6.6, '48': 6.61, '49': 6.61, '50': 6.62, '55': 6.62, '56': 6.72, '57': 6.69, '58': 6.54, '59': 6.54, '60': 6.55, '62': 6.56, '63': 6.41, '66': 6.41, '67': 6.41, '68': 6.42, '69': 6.39, '71': 6.44, '72': 6.46, '73': 6.46, '74': 6.51, '77': 6.37, '79': 6.37, '80': 6.34, '86': 6.41, '87': 6.39, '88': 6.53, '89': 6.49, '94': 6.34}, 'shotsTotal': {'44': 1.0}, 'shotsOnTarget': {'44': 1.0}, 'clearances': {'71': 1.0, '74': 1.0}, 'interceptions': {'39': 1.0}, 'touches': {'3': 1.0, '6': 5.0, '7': 1.0, '9': 3.0, '10': 1.0, '11': 3.0, '15': 1.0, '17': 1.0, '18': 2.0, '19': 1.0, '20': 2.0, '21': 2.0, '23': 2.0, '24': 1.0, '25': 2.0, '30': 1.0, '31': 2.0, '33': 1.0, '34': 1.0, '38': 1.0, '39': 2.0, '40': 2.0, '43': 1.0, '44': 1.0, '45': 2.0, '48': 2.0, '49': 2.0, '50': 1.0, '55': 3.0, '57': 1.0, '59': 1.0, '60': 2.0, '62': 3.0, '66': 2.0, '67': 2.0, '68': 1.0, '69': 2.0, '71': 1.0, '72': 2.0, '73': 1.0, '74': 1.0, '77': 2.0, '79': 2.0, '80': 1.0, '86': 4.0, '88': 1.0}, 'passesTotal': {'3': 1.0, '6': 5.0, '7': 1.0, '9': 1.0, '10': 1.0, '11': 2.0, '17': 1.0, '18': 2.0, '19': 1.0, '20': 2.0, '21': 2.0, '23': 2.0, '24': 1.0, '25': 2.0, '31': 2.0, '33': 1.0, '34': 1.0, '38': 1.0, '39': 1.0, '40': 2.0, '43': 1.0, '45': 2.0, '48': 2.0, '49': 2.0, '50': 1.0, '55': 3.0, '59': 1.0, '60': 2.0, '62': 3.0, '66': 1.0, '67': 2.0, '68': 1.0, '73': 1.0, '77': 2.0, '79': 2.0, '86': 1.0}, 'passesAccurate': {'3': 1.0, '6': 5.0, '7': 1.0, '9': 1.0, '10': 1.0, '11': 2.0, '17': 1.0, '18': 2.0, '19': 1.0, '20': 2.0, '21': 2.0, '23': 2.0, '24': 1.0, '25': 2.0, '31': 2.0, '33': 1.0, '34': 1.0, '38': 1.0, '39': 1.0, '40': 2.0, '43': 1.0, '45': 2.0, '48': 2.0, '49': 2.0, '50': 1.0, '55': 3.0, '59': 1.0, '60': 2.0, '62': 3.0, '66': 1.0, '67': 2.0, '68': 1.0, '73': 1.0, '77': 2.0, '79': 2.0, '86': 1.0}, 'passSuccess': {'3': 100.0, '6': 100.0, '7': 100.0, '9': 100.0, '10': 100.0, '11': 100.0, '17': 100.0, '18': 100.0, '19': 100.0, '20': 100.0, '21': 100.0, '23': 100.0, '24': 100.0, '25': 100.0, '31': 100.0, '33': 100.0, '34': 100.0, '38': 100.0, '39': 100.0, '40': 100.0, '43': 100.0, '45': 100.0, '48': 100.0, '49': 100.0, '50': 100.0, '55': 100.0, '59': 100.0, '60': 100.0, '62': 100.0, '66': 100.0, '67': 100.0, '68': 100.0, '73': 100.0, '77': 100.0, '79': 100.0, '86': 100.0}, 'aerialsTotal': {'21': 1.0, '87': 1.0}, 'aerialsWon': {'21': 1.0}, 'aerialSuccess': {'87': 0.0}, 'offensiveAerials': {'21': 1.0}, 'defensiveAerials': {'87': 1.0}, 'tacklesTotal': {'11': 1.0, '86': 1.0, '88': 1.0, '15': 1.0, '89': 1.0}, 'tackleSuccessful': {'11': 1.0, '86': 1.0, '88': 1.0, '15': 1.0}, 'tackleUnsuccesful': {'89': 1.0}, 'tackleSuccess': {'11': 100.0, '86': 100.0, '88': 100.0, '15': 100.0, '89': 0.0}, 'dribbledPast': {'89': 1.0}, 'dribblesAttempted': {'9': 1.0, '72': 1.0}, 'dribblesLost': {'9': 1.0, '72': 1.0}, 'dispossessed': {'69': 1.0, '80': 1.0, '86': 1.0}}",,,,,,,167
136741,20,Bernardo Silva,DMC,173,65,30,True,False,away,"{'possession': {'0': 2.0, '1': 1.0, '2': 1.0, '4': 1.0, '6': 2.0, '9': 2.0, '10': 2.0, '11': 1.0, '17': 1.0, '18': 1.0, '19': 1.0, '21': 1.0, '23': 1.0, '25': 1.0, '32': 2.0, '33': 1.0, '34': 1.0, '37': 1.0, '40': 1.0, '41': 2.0, '43': 1.0, '46': 1.0, '55': 2.0, '59': 2.0, '61': 1.0, '65': 3.0, '66': 3.0, '68': 1.0, '75': 1.0, '77': 1.0, '79': 1.0}, 'ratings': {'0': 5.99, '1': 5.85, '2': 5.85, '4': 5.92, '6': 5.92, '9': 5.89, '10': 5.88, '11': 5.88, '14': 5.81, '17': 5.82, '18': 5.82, '19': 5.83, '21': 5.83, '23': 5.83, '25': 5.84, '27': 5.89, '32': 5.9, '33': 5.9, '34': 5.9, '37': 5.9, '40': 5.9, '41': 5.91, '43': 5.91, '46': 5.91, '55': 5.89, '56': 5.99, '58': 5.84, '59': 5.85, '61': 5.85, '63': 5.7, '65': 5.71, '66': 5.7, '68': 5.84, '69': 5.82, '72': 5.95, '75': 5.95, '77': 5.81, '79': 5.81, '94': 5.66}, 'touches': {'0': 2.0, '1': 1.0, '2': 1.0, '4': 2.0, '6': 2.0, '9': 3.0, '10': 2.0, '11': 1.0, '16': 1.0, '17': 1.0, '18': 1.0, '19': 1.0, '21': 1.0, '23': 1.0, '25': 1.0, '27': 2.0, '32': 2.0, '33': 1.0, '34': 1.0, '37': 1.0, '39': 1.0, '40': 1.0, '41': 2.0, '43': 1.0, '46': 1.0, '55': 2.0, '59': 2.0, '61': 1.0, '65': 3.0, '66': 3.0, '68': 2.0, '72': 1.0, '75': 1.0, '77': 1.0, '79': 1.0}, 'passesTotal': {'0': 2.0, '1': 1.0, '2': 1.0, '6': 2.0, '9': 2.0, '10': 2.0, '11': 1.0, '17': 1.0, '18': 1.0, '19': 1.0, '21': 1.0, '23': 1.0, '25': 1.0, '32': 2.0, '33': 1.0, '34': 1.0, '37': 1.0, '40': 1.0, '41': 2.0, '43': 1.0, '55': 2.0, '59': 2.0, '61': 1.0, '65': 3.0, '66': 3.0, '68': 1.0, '75': 1.0, '77': 1.0, '79': 1.0, '4': 1.0}, 'passesAccurate': {'0': 1.0, '1': 1.0, '2': 1.0, '6': 2.0, '9': 2.0, '10': 1.0, '11': 1.0, '17': 1.0, '18': 1.0, '19': 1.0, '21': 1.0, '23': 1.0, '25': 1.0, '32': 2.0, '33': 1.0, '34': 1.0, '37': 1.0, '40': 1.0, '41': 2.0, '43': 1.0, '55': 1.0, '59': 2.0, '61': 1.0, '65': 3.0, '66': 2.0, '68': 1.0, '75': 1.0, '77': 1.0, '79': 1.0}, 'passSuccess': {'0': 50.0, '1': 100.0, '2': 100.0, '6': 100.0, '9': 100.0, '10': 50.0, '11': 100.0, '17': 100.0, '18': 100.0, '19': 100.0, '21': 100.0, '23': 100.0, '25': 100.0, '32': 100.0, '33': 100.0, '34': 100.0, '37': 100.0, '40': 100.0, '41': 100.0, '43': 100.0, '55': 50.0, '59': 100.0, '61': 100.0, '65': 100.0, '66': 66.67, '68': 100.0, '75': 100.0, '77': 100.0, '79': 100.0, '4': 0.0}, 'foulsCommited': {'69': 1.0}, 'tacklesTotal': {'68': 1.0, '72': 1.0, '4': 1.0, '14': 2.0}, 'tackleSuccessful': {'68': 1.0, '72': 1.0, '4': 1.0}, 'tackleUnsuccesful': {'14': 2.0}, 'tackleSuccess': {'68': 100.0, '72': 100.0, '4': 100.0, '14': 0.0}, 'dribbledPast': {'14': 2.0}}",,,,,,,167
331254,47,Phil Foden,AMR,171,63,24,True,False,away,"{'possession': {'7': 1.0, '18': 1.0, '20': 3.0, '21': 1.0, '31': 2.0, '33': 1.0, '34': 1.0, '36': 1.0, '38': 1.0, '39': 1.0, '40': 3.0, '41': 2.0, '43': 2.0, '45': 2.0, '48': 5.0, '49': 1.0, '50': 1.0, '52': 1.0, '55': 1.0, '56': 1.0, '57': 1.0, '59': 2.0, '60': 1.0, '61': 1.0, '66': 2.0, '67': 1.0, '72': 1.0}, 'ratings': {'0': 6.0, '1': 5.9, '7': 5.9, '16': 5.88, '18': 5.88, '19': 5.85, '20': 5.87, '21': 5.86, '31': 5.86, '32': 5.96, '33': 5.96, '34': 5.96, '36': 5.96, '38': 5.97, '39': 5.97, '40': 5.98, '41': 5.94, '43': 5.95, '45': 5.96, '48': 5.99, '49': 5.99, '50': 5.99, '51': 6.0, '52': 6.03, '55': 6.03, '56': 6.16, '57': 5.32, '58': 5.22, '59': 5.22, '60': 5.2, '61': 5.2, '63': 5.1, '66': 5.11, '67': 5.11, '72': 5.12}, 'interceptions': {'32': 1.0}, 'touches': {'2': 1.0, '7': 1.0, '16': 1.0, '18': 1.0, '19': 1.0, '20': 3.0, '21': 1.0, '31': 2.0, '32': 1.0, '33': 1.0, '34': 1.0, '36': 1.0, '38': 1.0, '39': 1.0, '40': 3.0, '41': 3.0, '43': 2.0, '45': 2.0, '48': 5.0, '49': 1.0, '50': 1.0, '52': 2.0, '55': 1.0, '56': 1.0, '57': 1.0, '59': 2.0, '60': 2.0, '61': 1.0, '66': 2.0, '67': 1.0, '72': 1.0}, 'passesTotal': {'7': 1.0, '18': 1.0, '20': 3.0, '31': 1.0, '33': 1.0, '34': 1.0, '36': 1.0, '38': 1.0, '39': 1.0, '40': 3.0, '41': 2.0, '43': 2.0, '45': 2.0, '48': 5.0, '49': 1.0, '50': 1.0, '55': 1.0, '56': 1.0, '59': 2.0, '61': 1.0, '66': 2.0, '67': 1.0, '72': 1.0, '52': 1.0, '57': 1.0, '60': 1.0}, 'passesAccurate': {'7': 1.0, '18': 1.0, '20': 3.0, '31': 1.0, '33': 1.0, '34': 1.0, '36': 1.0, '38': 1.0, '39': 1.0, '40': 3.0, '41': 2.0, '43': 2.0, '45': 2.0, '48': 5.0, '49': 1.0, '50': 1.0, '55': 1.0, '56': 1.0, '59': 2.0, '61': 1.0, '66': 2.0, '67': 1.0, '72': 1.0}, 'passSuccess': {'7': 100.0, '18': 100.0, '20': 100.0, '31': 100.0, '33': 100.0, '34': 100.0, '36': 100.0, '38': 100.0, '39': 100.0, '40': 100.0, '41': 100.0, '43': 100.0, '45': 100.0, '48': 100.0, '49': 100.0, '50': 100.0, '55': 100.0, '56': 100.0, '59': 100.0, '61': 100.0, '66': 100.0, '67': 100.0, '72': 100.0, '52': 0.0, '57': 0.0, '60': 0.0}, 'cornersTotal': {'31': 1.0}, 'foulsCommited': {'41': 1.0}, 'dribblesAttempted': {'60': 1.0}, 'dribblesLost': {'60': 1.0}, 'dispossessed': {'16': 1.0}, 'errors': {'57': 1.0}}",425576.0,"{'value': 2, 'displayName': 'SecondHalf'}",73.0,,,,167
394749,7,Omar Marmoush,AMC,183,81,25,True,False,away,"{'possession': {'0': 1.0, '6': 1.0, '9': 1.0, '15': 1.0, '18': 1.0, '22': 1.0, '23': 1.0, '28': 1.0, '31': 4.0, '32': 1.0, '33': 1.0, '36': 1.0, '38': 1.0, '39': 1.0, '40': 1.0, '45': 1.0, '49': 1.0, '52': 1.0, '55': 1.0, '60': 1.0, '61': 1.0, '62': 2.0, '67': 1.0}, 'ratings': {'0': 6.0, '1': 5.9, '6': 5.9, '9': 5.91, '12': 5.89, '15': 5.88, '16': 5.87, '17': 5.85, '18': 5.85, '22': 6.02, '23': 6.14, '26': 6.11, '28': 6.1, '31': 6.11, '32': 6.28, '33': 6.27, '36': 6.26, '38': 6.27, '39': 6.26, '40': 6.27, '45': 6.27, '49': 6.28, '50': 6.21, '52': 6.21, '55': 6.22, '56': 6.35, '57': 6.32, '58': 6.22, '60': 6.22, '61': 6.22, '62': 6.22, '63': 6.12, '67': 6.13}, 'shotsTotal': {'17': 1.0}, 'shotsOffTarget': {'17': 1.0}, 'touches': {'0': 1.0, '6': 1.0, '9': 1.0, '12': 2.0, '15': 1.0, '16': 1.0, '17': 1.0, '18': 2.0, '22': 1.0, '23': 2.0, '26': 1.0, '28': 1.0, '31': 4.0, '32': 1.0, '33': 1.0, '36': 1.0, '38': 1.0, '39': 1.0, '40': 1.0, '45': 1.0, '49': 1.0, '50': 2.0, '52': 1.0, '55': 1.0, '57': 2.0, '60': 1.0, '61': 1.0, '62': 2.0, '63': 1.0, '67': 1.0}, 'passesTotal': {'0': 1.0, '6': 1.0, '9': 1.0, '18': 1.0, '23': 1.0, '31': 4.0, '38': 1.0, '40': 1.0, '45': 1.0, '49': 1.0, '52': 1.0, '55': 1.0, '61': 1.0, '62': 2.0, '67': 1.0, '15': 1.0, '28': 1.0, '33': 1.0, '36': 1.0, '39': 1.0, '60': 1.0}, 'passesAccurate': {'0': 1.0, '6': 1.0, '9': 1.0, '18': 1.0, '23': 1.0, '31': 4.0, '38': 1.0, '40': 1.0, '45': 1.0, '49': 1.0, '52': 1.0, '55': 1.0, '61': 1.0, '62': 2.0, '67': 1.0}, 'passesKey': {'22': 1.0, '23': 1.0, '32': 1.0}, 'passSuccess': {'0': 100.0, '6': 100.0, '9': 100.0, '18': 100.0, '23': 100.0, '31': 100.0, '38': 100.0, '40': 100.0, '45': 100.0, '49': 100.0, '52': 100.0, '55': 100.0, '61': 100.0, '62': 100.0, '67': 100.0, '15': 0.0, '28': 0.0, '33': 0.0, '36': 0.0, '39': 0.0, '60': 0.0}, 'aerialsTotal': {'16': 1.0}, 'defensiveAerials': {'16': 1.0}, 'cornersAccurate': {'22': 1.0, '32': 1.0}, 'dribblesAttempted': {'12': 1.0}, 'dribblesLost': {'12': 1.0}, 'dispossessed': {'26': 1.0, '50': 1.0, '57': 1.0}}",73084.0,"{'value': 2, 'displayName': 'SecondHalf'}",73.0,,,,167
397821,26,Savinho,AML,179,66,20,True,False,away,"{'possession': {'6': 1.0, '7': 1.0, '11': 1.0, '17': 1.0, '19': 1.0, '20': 1.0, '21': 2.0, '23': 1.0, '39': 1.0, '40': 2.0, '41': 1.0, '44': 1.0, '45': 3.0, '49': 2.0, '56': 2.0, '60': 1.0, '61': 1.0, '62': 2.0, '66': 1.0, '67': 3.0, '68': 1.0, '76': 2.0, '77': 3.0, '79': 1.0, '83': 1.0}, 'ratings': {'0': 6.0, '1': 5.9, '6': 5.9, '7': 5.9, '11': 5.91, '12': 5.94, '17': 6.03, '19': 6.04, '20': 6.04, '21': 6.05, '23': 6.07, '24': 6.11, '30': 6.21, '39': 6.18, '40': 6.18, '41': 6.19, '43': 6.34, '44': 6.43, '45': 6.45, '49': 6.45, '56': 7.22, '58': 7.12, '60': 7.12, '61': 7.12, '62': 7.11, '63': 7.01, '66': 7.01, '67': 7.02, '68': 7.03, '74': 7.0, '76': 7.01, '77': 6.88, '79': 6.88, '83': 6.88, '89': 6.84, '94': 6.74}, 'shotsTotal': {'23': 1.0, '43': 1.0}, 'shotsOnTarget': {'43': 1.0}, 'shotsOffTarget': {'23': 1.0}, 'clearances': {'12': 1.0}, 'interceptions': {'30': 1.0}, 'touches': {'6': 1.0, '7': 1.0, '11': 1.0, '12': 1.0, '17': 1.0, '19': 1.0, '20': 1.0, '21': 2.0, '23': 2.0, '24': 1.0, '30': 1.0, '39': 2.0, '40': 2.0, '41': 1.0, '43': 2.0, '44': 1.0, '45': 3.0, '49': 2.0, '56': 2.0, '60': 2.0, '61': 1.0, '62': 2.0, '66': 1.0, '67': 3.0, '68': 1.0, '74': 1.0, '76': 2.0, '77': 4.0, '79': 1.0, '83': 1.0}, 'passesTotal': {'6': 1.0, '7': 1.0, '11': 1.0, '17': 1.0, '19': 1.0, '20': 1.0, '21': 2.0, '39': 1.0, '40': 2.0, '41': 1.0, '45': 3.0, '49': 2.0, '56': 2.0, '60': 1.0, '61': 1.0, '66': 1.0, '67': 3.0, '68': 1.0, '76': 2.0, '77': 3.0, '79': 1.0, '62': 2.0, '83': 1.0}, 'passesAccurate': {'6': 1.0, '7': 1.0, '11': 1.0, '17': 1.0, '19': 1.0, '20': 1.0, '21': 2.0, '39': 1.0, '40': 2.0, '41': 1.0, '45': 3.0, '49': 2.0, '56': 2.0, '60': 1.0, '61': 1.0, '66': 1.0, '67': 3.0, '68': 1.0, '76': 2.0, '77': 3.0, '79': 1.0}, 'passesKey': {'17': 1.0, '56': 1.0}, 'passSuccess': {'6': 100.0, '7': 100.0, '11': 100.0, '17': 100.0, '19': 100.0, '20': 100.0, '21': 100.0, '39': 100.0, '40': 100.0, '41': 100.0, '45': 100.0, '49': 100.0, '56': 100.0, '60': 100.0, '61': 100.0, '66': 100.0, '67': 100.0, '68': 100.0, '76': 100.0, '77': 100.0, '79': 100.0, '62': 0.0, '83': 0.0}, 'throwInsTotal': {'60': 1.0}, 'throwInsAccurate': {'60': 1.0}, 'foulsCommited': {'12': 1.0}, 'tacklesTotal': {'89': 1.0}, 'tackleUnsuccesful': {'89': 1.0}, 'dribbledPast': {'89': 1.0}, 'dribblesAttempted': {'43': 1.0}, 'dribblesLost': {'43': 1.0}, 'dispossessed': {'39': 1.0}}",,,,,,,167
315227,9,Erling Haaland,FW,194,88,24,True,False,away,"{'possession': {'3': 1.0, '39': 1.0, '43': 1.0, '50': 1.0, '57': 1.0}, 'ratings': {'0': 6.0, '1': 5.93, '3': 5.91, '24': 5.89, '39': 5.89, '43': 5.89, '45': 5.86, '50': 5.86, '56': 6.94, '57': 6.93, '58': 6.86, '59': 6.85, '63': 6.78, '75': 6.76, '77': 6.7, '83': 6.68, '94': 6.61}, 'shotsTotal': {'56': 1.0}, 'shotsOnTarget': {'56': 1.0}, 'touches': {'0': 1.0, '3': 1.0, '28': 1.0, '39': 1.0, '43': 1.0, '45': 2.0, '50': 1.0, '56': 1.0, '57': 1.0}, 'passesTotal': {'43': 1.0, '50': 1.0, '3': 1.0, '39': 1.0, '57': 1.0}, 'passesAccurate': {'43': 1.0, '50': 1.0}, 'passSuccess': {'43': 100.0, '50': 100.0, '3': 0.0, '39': 0.0, '57': 0.0}, 'aerialsTotal': {'56': 1.0, '3': 1.0, '59': 1.0}, 'aerialsWon': {'56': 1.0}, 'aerialSuccess': {'3': 0.0, '59': 0.0}, 'offensiveAerials': {'3': 1.0, '56': 1.0, '59': 1.0}, 'foulsCommited': {'24': 1.0, '75': 1.0, '83': 1.0}, 'dispossessed': {'45': 1.0}}",,,,,,,167
73084,17,Kevin De Bruyne,Sub,181,68,33,,False,away,"{'possession': {'73': 1.0, '74': 1.0, '77': 1.0, '79': 1.0}, 'ratings': {'73': 5.99, '74': 5.99, '77': 5.89, '79': 5.88, '87': 5.85, '94': 5.75}, 'touches': {'73': 1.0, '74': 1.0, '77': 1.0, '79': 1.0}, 'passesTotal': {'74': 1.0, '77': 1.0, '73': 1.0, '79': 1.0}, 'passesAccurate': {'74': 1.0, '77': 1.0}, 'passSuccess': {'74': 100.0, '77': 100.0, '73': 0.0, '79': 0.0}, 'tacklesTotal': {'87': 1.0}, 'tackleUnsuccesful': {'87': 1.0}, 'dribbledPast': {'87': 1.0}}",,,,"{'value': 2, 'displayName': 'SecondHalf'}",73.0,394749.0,167
425576,87,James McAtee,Sub,180,72,22,,False,away,"{'possession': {'77': 1.0}, 'ratings': {'73': 6.0, '77': 5.9, '81': 5.99, '92': 5.94, '94': 5.84}, 'touches': {'77': 1.0, '81': 1.0, '90': 1.0, '92': 2.0}, 'passesTotal': {'77': 1.0}, 'passesAccurate': {'77': 1.0}, 'passSuccess': {'77': 100.0}, 'tacklesTotal': {'81': 1.0, '92': 1.0}, 'tackleSuccessful': {'81': 1.0}, 'tackleUnsuccesful': {'92': 1.0}, 'tackleSuccess': {'81': 100.0, '92': 0.0}, 'dribbledPast': {'92': 1.0}, 'dribblesAttempted': {'92': 1.0}, 'dribblesLost': {'92': 1.0}}",,,,"{'value': 2, 'displayName': 'SecondHalf'}",73.0,331254.0,167
478314,22,Vitor Reis,Sub,186,67,19,,False,away,{},,,,,,,167
77464,19,Ilkay Gündogan,Sub,180,80,34,,False,away,{},,,,,,,167
493206,45,Abdukodir Khusanov,Sub,186,84,20,,False,away,{},,,,,,,167
444791,82,Rico Lewis,Sub,169,64,20,,False,away,{},,,,,,,167
468847,75,Nico O'Reilly,Sub,188,77,19,,False,away,{},,,,,,,167
113069,10,Jack Grealish,Sub,180,77,29,,False,away,{},,,,,,,167
8155,33,Scott Carson,Sub,188,85,39,,False,away,{},,,,,,,167
