,playerId,shirtNo,name,position,height,weight,age,isFirstEleven,isManOfTheMatch,field,stats,subbedInPlayerId,subbedOutPeriod,subbedOutExpandedMinute,subbedInPeriod,subbedInExpandedMinute,subbedOutPlayerId,teamId
0,406957,1,Franco Israel,GK,190,82,24,True,False,home,"{'totalSaves': {'1': 1.0, '67': 1.0, '70': 1.0}, 'parriedSafe': {'67': 1.0, '70': 1.0}, 'parriedDanger': {'1': 1.0}, 'possession': {'1': 1.0, '7': 1.0, '12': 1.0, '28': 1.0, '32': 1.0, '35': 1.0, '39': 1.0, '41': 1.0, '42': 1.0, '52': 1.0, '68': 1.0, '69': 1.0, '74': 1.0, '92': 1.0, '93': 1.0}, 'ratings': {'0': 6.0, '1': 6.37, '6': 6.38, '12': 6.38, '28': 6.39, '32': 6.4, '35': 6.4, '38': 6.45, '39': 6.45, '41': 6.46, '42': 6.46, '52': 6.46, '67': 6.67, '68': 6.68, '69': 6.68, '70': 6.88, '74': 6.88, '82': 6.93, '92': 6.93, '93': 6.94, '97': 7.27}, 'touches': {'1': 2.0, '7': 1.0, '12': 1.0, '28': 1.0, '32': 1.0, '35': 1.0, '39': 1.0, '41': 1.0, '42': 1.0, '52': 1.0, '67': 1.0, '68': 1.0, '69': 1.0, '70': 1.0, '74': 1.0, '92': 1.0, '93': 1.0}, 'passesTotal': {'1': 1.0, '12': 1.0, '28': 1.0, '32': 1.0, '35': 1.0, '39': 1.0, '42': 1.0, '52': 1.0, '68': 1.0, '69': 1.0, '74': 1.0, '92': 1.0, '93': 1.0}, 'passesAccurate': {'1': 1.0, '12': 1.0, '28': 1.0, '32': 1.0, '35': 1.0, '39': 1.0, '42': 1.0, '52': 1.0, '68': 1.0, '69': 1.0, '74': 1.0, '92': 1.0, '93': 1.0}, 'passSuccess': {'1': 100.0, '12': 100.0, '28': 100.0, '32': 100.0, '35': 100.0, '39': 100.0, '42': 100.0, '52': 100.0, '68': 100.0, '69': 100.0, '74': 100.0, '92': 100.0, '93': 100.0}}",,,,,,,296
1,410633,6,Zeno Debast,DC,191,78,21,True,False,home,"{'possession': {'0': 3.0, '2': 3.0, '3': 3.0, '5': 1.0, '7': 1.0, '8': 1.0, '10': 2.0, '15': 2.0, '17': 1.0, '18': 2.0, '20': 1.0, '21': 1.0, '22': 1.0, '24': 1.0, '25': 1.0, '26': 1.0, '27': 1.0, '28': 2.0, '29': 1.0, '30': 4.0, '31': 2.0, '32': 4.0, '33': 1.0, '35': 1.0, '36': 2.0, '37': 1.0, '38': 1.0, '39': 1.0, '40': 1.0, '42': 1.0, '43': 2.0, '44': 2.0, '47': 2.0, '48': 1.0, '49': 2.0, '50': 1.0, '51': 2.0, '54': 1.0, '56': 1.0, '59': 2.0, '60': 1.0, '62': 1.0, '63': 2.0, '65': 2.0, '66': 1.0, '67': 1.0, '68': 1.0, '69': 1.0, '71': 1.0, '72': 3.0, '73': 1.0, '74': 2.0, '75': 2.0, '77': 1.0, '79': 4.0, '80': 1.0, '84': 1.0, '86': 2.0, '89': 1.0, '91': 1.0, '93': 1.0, '94': 2.0, '96': 1.0}, 'ratings': {'0': 6.0, '2': 6.01, '3': 6.02, '5': 6.1, '7': 6.11, '8': 6.11, '10': 6.11, '12': 6.21, '15': 6.22, '16': 6.23, '17': 6.24, '18': 6.24, '20': 6.25, '21': 6.25, '22': 6.26, '24': 6.26, '25': 6.26, '26': 6.27, '27': 6.27, '28': 6.26, '29': 6.27, '30': 6.29, '31': 6.37, '32': 6.38, '33': 6.39, '35': 6.39, '36': 6.4, '37': 6.4, '38': 6.47, '39': 6.47, '40': 6.47, '42': 6.48, '43': 6.47, '44': 6.48, '47': 6.48, '48': 6.48, '49': 6.55, '50': 6.56, '51': 6.56, '54': 6.56, '56': 6.56, '59': 6.58, '60': 6.58, '62': 6.58, '63': 6.59, '65': 6.59, '66': 6.6, '67': 6.59, '68': 6.59, '69': 6.68, '71': 6.68, '72': 6.69, '73': 6.7, '74': 6.7, '75': 6.71, '77': 6.69, '79': 6.69, '80': 6.69, '82': 6.76, '84': 6.76, '86': 6.77, '87': 6.75, '89': 6.75, '91': 6.76, '93': 6.76, '94': 6.73, '96': 6.73, '97': 7.0}, 'interceptions': {'12': 1.0}, 'touches': {'0': 3.0, '2': 3.0, '3': 3.0, '5': 1.0, '7': 1.0, '8': 1.0, '10': 2.0, '11': 1.0, '12': 1.0, '15': 2.0, '17': 1.0, '18': 2.0, '20': 1.0, '21': 1.0, '22': 1.0, '24': 1.0, '25': 1.0, '26': 1.0, '27': 1.0, '28': 2.0, '29': 1.0, '30': 4.0, '31': 2.0, '32': 4.0, '33': 1.0, '35': 2.0, '36': 2.0, '37': 1.0, '38': 1.0, '39': 1.0, '40': 1.0, '42': 1.0, '43': 2.0, '44': 2.0, '47': 2.0, '48': 1.0, '49': 2.0, '50': 1.0, '51': 2.0, '54': 1.0, '56': 1.0, '59': 2.0, '60': 1.0, '62': 1.0, '63': 2.0, '65': 2.0, '66': 1.0, '67': 1.0, '68': 1.0, '69': 1.0, '71': 2.0, '72': 3.0, '73': 1.0, '74': 2.0, '75': 2.0, '77': 1.0, '79': 4.0, '80': 1.0, '84': 1.0, '86': 2.0, '89': 1.0, '91': 1.0, '93': 1.0, '94': 2.0, '96': 1.0}, 'passesTotal': {'0': 3.0, '2': 3.0, '3': 3.0, '5': 1.0, '7': 1.0, '8': 1.0, '10': 2.0, '15': 2.0, '17': 1.0, '18': 2.0, '20': 1.0, '21': 1.0, '22': 1.0, '24': 1.0, '25': 1.0, '26': 1.0, '27': 1.0, '28': 2.0, '29': 1.0, '30': 4.0, '31': 2.0, '32': 4.0, '33': 1.0, '35': 1.0, '36': 2.0, '37': 1.0, '38': 1.0, '39': 1.0, '40': 1.0, '42': 1.0, '43': 2.0, '44': 2.0, '47': 2.0, '48': 1.0, '49': 2.0, '50': 1.0, '51': 2.0, '54': 1.0, '56': 1.0, '59': 2.0, '60': 1.0, '62': 1.0, '63': 2.0, '65': 2.0, '66': 1.0, '68': 1.0, '69': 1.0, '71': 1.0, '72': 3.0, '73': 1.0, '74': 2.0, '75': 2.0, '79': 4.0, '80': 1.0, '84': 1.0, '86': 2.0, '89': 1.0, '91': 1.0, '93': 1.0, '94': 2.0, '96': 1.0, '67': 1.0, '77': 1.0}, 'passesAccurate': {'0': 3.0, '2': 3.0, '3': 3.0, '5': 1.0, '7': 1.0, '8': 1.0, '10': 2.0, '15': 2.0, '17': 1.0, '18': 2.0, '20': 1.0, '21': 1.0, '22': 1.0, '24': 1.0, '25': 1.0, '26': 1.0, '27': 1.0, '28': 1.0, '29': 1.0, '30': 4.0, '31': 1.0, '32': 4.0, '33': 1.0, '35': 1.0, '36': 2.0, '37': 1.0, '38': 1.0, '39': 1.0, '40': 1.0, '42': 1.0, '43': 1.0, '44': 2.0, '47': 2.0, '48': 1.0, '49': 1.0, '50': 1.0, '51': 2.0, '54': 1.0, '56': 1.0, '59': 2.0, '60': 1.0, '62': 1.0, '63': 2.0, '65': 2.0, '66': 1.0, '68': 1.0, '69': 1.0, '71': 1.0, '72': 3.0, '73': 1.0, '74': 2.0, '75': 2.0, '79': 3.0, '80': 1.0, '84': 1.0, '86': 2.0, '89': 1.0, '91': 1.0, '93': 1.0, '94': 2.0, '96': 1.0}, 'passesKey': {'5': 1.0}, 'passSuccess': {'0': 100.0, '2': 100.0, '3': 100.0, '5': 100.0, '7': 100.0, '8': 100.0, '10': 100.0, '15': 100.0, '17': 100.0, '18': 100.0, '20': 100.0, '21': 100.0, '22': 100.0, '24': 100.0, '25': 100.0, '26': 100.0, '27': 100.0, '28': 50.0, '29': 100.0, '30': 100.0, '31': 50.0, '32': 100.0, '33': 100.0, '35': 100.0, '36': 100.0, '37': 100.0, '38': 100.0, '39': 100.0, '40': 100.0, '42': 100.0, '43': 50.0, '44': 100.0, '47': 100.0, '48': 100.0, '49': 50.0, '50': 100.0, '51': 100.0, '54': 100.0, '56': 100.0, '59': 100.0, '60': 100.0, '62': 100.0, '63': 100.0, '65': 100.0, '66': 100.0, '68': 100.0, '69': 100.0, '71': 100.0, '72': 100.0, '73': 100.0, '74': 100.0, '75': 100.0, '79': 75.0, '80': 100.0, '84': 100.0, '86': 100.0, '89': 100.0, '91': 100.0, '93': 100.0, '94': 100.0, '96': 100.0, '67': 0.0, '77': 0.0}, 'aerialsTotal': {'31': 1.0, '49': 1.0, '69': 1.0, '87': 1.0}, 'aerialsWon': {'31': 1.0, '49': 1.0, '69': 1.0}, 'aerialSuccess': {'87': 0.0}, 'defensiveAerials': {'31': 1.0, '49': 1.0, '69': 1.0, '87': 1.0}, 'tacklesTotal': {'94': 1.0}, 'tackleUnsuccesful': {'94': 1.0}, 'dribbledPast': {'94': 1.0}}",,,,,,,296
2,394932,72,Eduardo Quaresma,DC,184,76,22,True,False,home,"{'possession': {'0': 3.0, '1': 1.0, '2': 3.0, '3': 5.0, '5': 1.0, '6': 3.0, '7': 2.0, '8': 2.0, '10': 1.0, '12': 2.0, '13': 2.0, '15': 1.0, '17': 2.0, '21': 3.0, '22': 1.0, '24': 3.0, '25': 2.0, '26': 1.0, '27': 2.0, '28': 1.0, '30': 3.0, '31': 1.0, '32': 1.0, '35': 2.0, '36': 2.0, '37': 2.0, '38': 2.0, '40': 2.0, '44': 4.0, '47': 2.0, '48': 2.0, '50': 2.0, '54': 1.0, '55': 1.0, '57': 1.0, '58': 1.0, '60': 1.0, '61': 1.0, '62': 2.0, '63': 2.0, '68': 3.0, '69': 2.0, '71': 3.0, '72': 4.0, '74': 1.0, '75': 7.0}, 'ratings': {'0': 5.97, '1': 5.96, '2': 5.97, '3': 5.98, '5': 6.02, '6': 6.02, '7': 6.03, '8': 6.04, '10': 6.04, '12': 6.04, '13': 6.05, '15': 6.05, '17': 6.06, '21': 6.08, '22': 6.08, '24': 6.09, '25': 6.1, '26': 6.1, '27': 6.11, '28': 6.11, '30': 6.1, '31': 6.11, '32': 6.11, '35': 6.11, '36': 6.12, '37': 6.13, '38': 6.2, '40': 6.21, '44': 6.22, '46': 6.24, '47': 6.24, '48': 6.25, '50': 6.25, '51': 6.24, '54': 6.25, '55': 6.33, '57': 6.34, '58': 6.34, '60': 6.35, '61': 6.35, '62': 6.62, '63': 6.63, '68': 6.64, '69': 6.64, '71': 6.65, '72': 6.66, '74': 6.66, '75': 6.68, '79': 6.94}, 'interceptions': {'62': 1.0}, 'touches': {'0': 4.0, '1': 2.0, '2': 3.0, '3': 5.0, '5': 2.0, '6': 3.0, '7': 2.0, '8': 2.0, '10': 1.0, '12': 2.0, '13': 2.0, '15': 1.0, '17': 2.0, '21': 3.0, '22': 1.0, '24': 3.0, '25': 2.0, '26': 2.0, '27': 2.0, '28': 1.0, '30': 3.0, '31': 1.0, '32': 1.0, '34': 1.0, '35': 2.0, '36': 2.0, '37': 3.0, '38': 2.0, '40': 2.0, '44': 4.0, '47': 2.0, '48': 2.0, '50': 3.0, '53': 1.0, '54': 1.0, '55': 1.0, '57': 1.0, '58': 1.0, '60': 1.0, '61': 1.0, '62': 4.0, '63': 2.0, '68': 3.0, '69': 2.0, '71': 3.0, '72': 4.0, '74': 1.0, '75': 7.0}, 'passesTotal': {'0': 3.0, '2': 3.0, '3': 5.0, '5': 1.0, '6': 3.0, '7': 2.0, '8': 2.0, '10': 1.0, '12': 2.0, '13': 2.0, '15': 1.0, '17': 2.0, '21': 3.0, '22': 1.0, '24': 3.0, '25': 2.0, '26': 1.0, '27': 2.0, '28': 1.0, '30': 3.0, '31': 1.0, '32': 1.0, '35': 2.0, '36': 2.0, '37': 2.0, '38': 2.0, '40': 2.0, '44': 4.0, '47': 2.0, '48': 2.0, '50': 2.0, '54': 1.0, '55': 1.0, '57': 1.0, '58': 1.0, '60': 1.0, '61': 1.0, '62': 2.0, '63': 2.0, '68': 3.0, '69': 2.0, '71': 3.0, '72': 4.0, '74': 1.0, '75': 7.0, '1': 1.0}, 'passesAccurate': {'0': 3.0, '2': 3.0, '3': 5.0, '5': 1.0, '6': 3.0, '7': 2.0, '8': 2.0, '10': 1.0, '12': 2.0, '13': 2.0, '15': 1.0, '17': 2.0, '21': 3.0, '22': 1.0, '24': 3.0, '25': 2.0, '26': 1.0, '27': 2.0, '28': 1.0, '30': 3.0, '31': 1.0, '32': 1.0, '35': 2.0, '36': 2.0, '37': 2.0, '38': 2.0, '40': 2.0, '44': 4.0, '47': 2.0, '48': 2.0, '50': 2.0, '54': 1.0, '55': 1.0, '57': 1.0, '58': 1.0, '60': 1.0, '61': 1.0, '62': 1.0, '63': 2.0, '68': 3.0, '69': 2.0, '71': 3.0, '72': 4.0, '74': 1.0, '75': 7.0}, 'passesKey': {'55': 1.0}, 'passSuccess': {'0': 100.0, '2': 100.0, '3': 100.0, '5': 100.0, '6': 100.0, '7': 100.0, '8': 100.0, '10': 100.0, '12': 100.0, '13': 100.0, '15': 100.0, '17': 100.0, '21': 100.0, '22': 100.0, '24': 100.0, '25': 100.0, '26': 100.0, '27': 100.0, '28': 100.0, '30': 100.0, '31': 100.0, '32': 100.0, '35': 100.0, '36': 100.0, '37': 100.0, '38': 100.0, '40': 100.0, '44': 100.0, '47': 100.0, '48': 100.0, '50': 100.0, '54': 100.0, '55': 100.0, '57': 100.0, '58': 100.0, '60': 100.0, '61': 100.0, '62': 50.0, '63': 100.0, '68': 100.0, '69': 100.0, '71': 100.0, '72': 100.0, '74': 100.0, '75': 100.0, '1': 0.0}, 'aerialsTotal': {'30': 1.0, '51': 1.0}, 'offensiveAerials': {'51': 1.0}, 'defensiveAerials': {'30': 1.0}, 'throwInsTotal': {'26': 1.0, '37': 1.0, '50': 1.0}, 'throwInsAccurate': {'26': 1.0, '37': 1.0, '50': 1.0}, 'dribblesWon': {'62': 1.0}, 'dribblesAttempted': {'62': 1.0}, 'dribbleSuccess': {'62': 100.0}}",109474.0,"{'value': 2, 'displayName': 'SecondHalf'}",79.0,,,,296
3,395992,25,Gonçalo Inácio,DC,185,78,23,True,False,home,"{'possession': {'0': 3.0, '1': 3.0, '2': 3.0, '3': 2.0, '5': 2.0, '6': 2.0, '7': 3.0, '8': 1.0, '10': 2.0, '11': 2.0, '15': 1.0, '16': 1.0, '17': 5.0, '18': 1.0, '20': 4.0, '21': 4.0, '22': 2.0, '24': 2.0, '25': 1.0, '26': 1.0, '27': 3.0, '28': 2.0, '29': 1.0, '30': 2.0, '31': 1.0, '32': 3.0, '33': 2.0, '36': 1.0, '37': 1.0, '38': 1.0, '40': 3.0, '42': 2.0, '43': 2.0, '44': 3.0, '47': 4.0, '48': 3.0, '49': 2.0, '51': 1.0, '52': 3.0, '53': 1.0, '54': 1.0, '55': 6.0, '56': 1.0, '58': 2.0, '59': 2.0, '60': 5.0, '61': 2.0, '62': 3.0, '63': 2.0, '65': 3.0, '66': 3.0, '68': 4.0}, 'ratings': {'0': 6.01, '1': 6.02, '2': 6.03, '3': 6.03, '5': 6.04, '6': 6.03, '7': 6.05, '8': 6.05, '9': 6.04, '10': 6.04, '11': 6.05, '12': 6.18, '15': 6.19, '16': 6.19, '17': 6.2, '18': 6.17, '20': 6.19, '21': 6.2, '22': 6.21, '24': 6.21, '25': 6.22, '26': 6.21, '27': 6.19, '28': 6.18, '29': 6.27, '30': 6.27, '31': 6.28, '32': 6.29, '33': 6.37, '36': 6.37, '37': 6.37, '38': 6.44, '40': 6.44, '42': 6.44, '43': 6.45, '44': 6.46, '47': 6.46, '48': 6.47, '49': 6.47, '51': 6.47, '52': 6.49, '53': 6.49, '54': 6.49, '55': 6.51, '56': 6.5, '58': 6.57, '59': 6.58, '60': 6.6, '61': 6.61, '62': 6.62, '63': 6.62, '65': 6.63, '66': 6.64, '67': 6.69, '68': 6.71, '70': 6.97}, 'shotsTotal': {'9': 1.0}, 'shotsOffTarget': {'9': 1.0}, 'clearances': {'67': 1.0}, 'touches': {'0': 3.0, '1': 3.0, '2': 3.0, '3': 2.0, '5': 2.0, '6': 2.0, '7': 3.0, '8': 1.0, '9': 1.0, '10': 2.0, '11': 2.0, '12': 1.0, '15': 1.0, '16': 1.0, '17': 5.0, '18': 1.0, '20': 5.0, '21': 4.0, '22': 2.0, '24': 2.0, '25': 1.0, '26': 1.0, '27': 3.0, '28': 2.0, '29': 1.0, '30': 2.0, '31': 1.0, '32': 3.0, '33': 2.0, '36': 2.0, '37': 1.0, '38': 1.0, '40': 3.0, '42': 2.0, '43': 2.0, '44': 3.0, '47': 4.0, '48': 3.0, '49': 2.0, '51': 1.0, '52': 3.0, '53': 1.0, '54': 1.0, '55': 6.0, '56': 1.0, '58': 2.0, '59': 2.0, '60': 5.0, '61': 2.0, '62': 4.0, '63': 2.0, '65': 3.0, '66': 3.0, '67': 1.0, '68': 4.0}, 'passesTotal': {'0': 3.0, '1': 3.0, '2': 3.0, '3': 2.0, '5': 2.0, '6': 2.0, '7': 3.0, '8': 1.0, '10': 2.0, '11': 2.0, '15': 1.0, '16': 1.0, '17': 5.0, '18': 1.0, '20': 4.0, '21': 4.0, '22': 2.0, '24': 2.0, '25': 1.0, '27': 3.0, '28': 2.0, '29': 1.0, '30': 2.0, '31': 1.0, '32': 3.0, '33': 2.0, '37': 1.0, '38': 1.0, '40': 3.0, '42': 2.0, '43': 2.0, '44': 3.0, '47': 4.0, '48': 3.0, '49': 2.0, '51': 1.0, '52': 3.0, '53': 1.0, '54': 1.0, '55': 6.0, '56': 1.0, '58': 2.0, '59': 2.0, '60': 5.0, '61': 2.0, '62': 3.0, '63': 2.0, '65': 3.0, '66': 3.0, '68': 4.0, '26': 1.0, '36': 1.0}, 'passesAccurate': {'0': 3.0, '1': 3.0, '2': 3.0, '3': 2.0, '5': 2.0, '6': 1.0, '7': 3.0, '8': 1.0, '10': 2.0, '11': 2.0, '15': 1.0, '16': 1.0, '17': 5.0, '18': 1.0, '20': 4.0, '21': 4.0, '22': 2.0, '24': 2.0, '25': 1.0, '27': 2.0, '28': 1.0, '29': 1.0, '30': 2.0, '31': 1.0, '32': 3.0, '33': 1.0, '37': 1.0, '38': 1.0, '40': 2.0, '42': 2.0, '43': 1.0, '44': 3.0, '47': 3.0, '48': 3.0, '49': 2.0, '51': 1.0, '52': 3.0, '53': 1.0, '54': 1.0, '55': 6.0, '56': 1.0, '58': 1.0, '59': 2.0, '60': 5.0, '61': 2.0, '62': 3.0, '63': 2.0, '65': 3.0, '66': 3.0, '68': 4.0}, 'passesKey': {'29': 1.0}, 'passSuccess': {'0': 100.0, '1': 100.0, '2': 100.0, '3': 100.0, '5': 100.0, '6': 50.0, '7': 100.0, '8': 100.0, '10': 100.0, '11': 100.0, '15': 100.0, '16': 100.0, '17': 100.0, '18': 100.0, '20': 100.0, '21': 100.0, '22': 100.0, '24': 100.0, '25': 100.0, '27': 66.67, '28': 50.0, '29': 100.0, '30': 100.0, '31': 100.0, '32': 100.0, '33': 50.0, '37': 100.0, '38': 100.0, '40': 66.67, '42': 100.0, '43': 50.0, '44': 100.0, '47': 75.0, '48': 100.0, '49': 100.0, '51': 100.0, '52': 100.0, '53': 100.0, '54': 100.0, '55': 100.0, '56': 100.0, '58': 50.0, '59': 100.0, '60': 100.0, '61': 100.0, '62': 100.0, '63': 100.0, '65': 100.0, '66': 100.0, '68': 100.0, '26': 0.0, '36': 0.0}, 'aerialsTotal': {'33': 1.0, '58': 1.0, '18': 1.0}, 'aerialsWon': {'33': 1.0, '58': 1.0}, 'aerialSuccess': {'18': 0.0}, 'defensiveAerials': {'18': 1.0, '33': 1.0, '58': 1.0}, 'throwInsTotal': {'20': 1.0, '36': 1.0, '62': 1.0}, 'throwInsAccurate': {'20': 1.0, '36': 1.0, '62': 1.0}, 'foulsCommited': {'18': 1.0, '27': 1.0, '56': 1.0}, 'tacklesTotal': {'12': 1.0}, 'tackleSuccessful': {'12': 1.0}, 'tackleSuccess': {'12': 100.0}}",444257.0,"{'value': 2, 'displayName': 'SecondHalf'}",70.0,,,,296
4,425093,21,Geny Catamo,DMR,173,69,23,True,False,home,"{'possession': {'0': 1.0, '2': 2.0, '3': 1.0, '5': 1.0, '6': 1.0, '7': 2.0, '8': 2.0, '12': 1.0, '13': 1.0, '15': 1.0, '17': 1.0, '19': 1.0, '20': 2.0, '24': 1.0, '26': 1.0, '27': 2.0, '30': 1.0, '31': 1.0, '32': 1.0, '33': 2.0, '37': 2.0, '40': 1.0, '44': 2.0, '48': 1.0, '50': 1.0, '52': 1.0, '54': 2.0, '57': 1.0, '59': 1.0, '61': 2.0, '68': 1.0}, 'ratings': {'0': 6.0, '2': 6.01, '3': 6.0, '4': 5.95, '5': 5.95, '6': 5.96, '7': 5.96, '8': 5.97, '11': 6.05, '12': 6.06, '13': 6.06, '15': 6.07, '17': 6.07, '19': 6.08, '20': 6.08, '24': 6.09, '26': 6.09, '27': 6.1, '30': 6.1, '31': 6.09, '32': 6.09, '33': 6.09, '37': 6.25, '38': 6.37, '40': 6.37, '44': 6.38, '48': 6.38, '50': 6.38, '52': 6.39, '54': 6.39, '55': 6.56, '57': 6.56, '59': 6.55, '61': 6.55, '68': 6.55, '69': 6.51, '70': 6.65}, 'shotsTotal': {'13': 1.0, '29': 1.0, '55': 1.0}, 'shotsOnTarget': {'55': 1.0}, 'shotsBlocked': {'13': 1.0, '29': 1.0}, 'touches': {'0': 2.0, '2': 2.0, '3': 2.0, '4': 2.0, '5': 1.0, '6': 1.0, '7': 2.0, '8': 3.0, '11': 1.0, '12': 1.0, '13': 2.0, '15': 1.0, '17': 1.0, '19': 1.0, '20': 2.0, '24': 1.0, '26': 1.0, '27': 2.0, '29': 1.0, '30': 1.0, '31': 1.0, '32': 1.0, '33': 2.0, '37': 3.0, '40': 1.0, '44': 2.0, '48': 1.0, '50': 1.0, '52': 1.0, '54': 2.0, '55': 1.0, '57': 1.0, '59': 1.0, '61': 2.0, '63': 1.0, '68': 1.0, '69': 1.0}, 'passesTotal': {'0': 1.0, '2': 2.0, '3': 1.0, '5': 1.0, '6': 1.0, '7': 2.0, '8': 2.0, '12': 1.0, '13': 1.0, '15': 1.0, '17': 1.0, '19': 1.0, '20': 2.0, '24': 1.0, '26': 1.0, '27': 2.0, '30': 1.0, '32': 1.0, '33': 1.0, '37': 2.0, '40': 1.0, '44': 2.0, '48': 1.0, '50': 1.0, '52': 1.0, '54': 2.0, '57': 1.0, '61': 2.0, '68': 1.0, '59': 1.0}, 'passesAccurate': {'0': 1.0, '2': 2.0, '3': 1.0, '5': 1.0, '6': 1.0, '7': 2.0, '8': 2.0, '12': 1.0, '13': 1.0, '15': 1.0, '17': 1.0, '19': 1.0, '20': 2.0, '24': 1.0, '26': 1.0, '27': 2.0, '30': 1.0, '32': 1.0, '33': 1.0, '37': 1.0, '40': 1.0, '44': 2.0, '48': 1.0, '50': 1.0, '52': 1.0, '54': 2.0, '57': 1.0, '61': 1.0, '68': 1.0}, 'passSuccess': {'0': 100.0, '2': 100.0, '3': 100.0, '5': 100.0, '6': 100.0, '7': 100.0, '8': 100.0, '12': 100.0, '13': 100.0, '15': 100.0, '17': 100.0, '19': 100.0, '20': 100.0, '24': 100.0, '26': 100.0, '27': 100.0, '30': 100.0, '32': 100.0, '33': 100.0, '37': 50.0, '40': 100.0, '44': 100.0, '48': 100.0, '50': 100.0, '52': 100.0, '54': 100.0, '57': 100.0, '61': 50.0, '68': 100.0, '59': 0.0}, 'aerialsTotal': {'11': 1.0}, 'aerialsWon': {'11': 1.0}, 'offensiveAerials': {'11': 1.0}, 'throwInsTotal': {'0': 1.0, '4': 1.0, '8': 1.0, '63': 1.0}, 'throwInsAccurate': {'0': 1.0, '4': 1.0, '8': 1.0, '63': 1.0}, 'foulsCommited': {'4': 1.0}, 'dribblesWon': {'37': 1.0}, 'dribblesAttempted': {'37': 1.0, '3': 1.0}, 'dribblesLost': {'3': 1.0}, 'dribbleSuccess': {'37': 100.0, '3': 0.0}, 'dispossessed': {'4': 1.0}}",509068.0,"{'value': 2, 'displayName': 'SecondHalf'}",70.0,,,,296
5,460758,20,Maximiliano Araújo,DML,179,73,24,True,False,home,"{'possession': {'0': 1.0, '11': 1.0, '12': 1.0, '17': 2.0, '21': 2.0, '25': 1.0, '28': 1.0, '29': 2.0, '31': 1.0, '32': 1.0, '36': 1.0, '43': 1.0, '44': 1.0, '45': 2.0, '47': 3.0, '48': 1.0, '49': 2.0, '50': 1.0, '51': 1.0, '52': 1.0, '55': 2.0, '56': 1.0, '58': 1.0, '60': 2.0, '63': 1.0}, 'ratings': {'0': 6.0, '10': 6.02, '11': 6.01, '12': 6.02, '13': 5.99, '14': 6.04, '17': 6.03, '19': 6.06, '21': 6.07, '25': 6.07, '28': 6.08, '29': 6.25, '31': 6.25, '32': 6.25, '36': 6.26, '37': 6.29, '38': 6.41, '43': 6.41, '44': 6.41, '45': 6.56, '47': 6.57, '48': 6.57, '49': 6.58, '50': 6.57, '51': 6.57, '52': 6.57, '55': 6.58, '56': 6.75, '58': 6.74, '60': 6.75, '63': 6.75, '66': 6.88}, 'shotsTotal': {'13': 1.0, '14': 1.0}, 'shotsOffTarget': {'13': 1.0, '14': 1.0}, 'touches': {'0': 1.0, '7': 1.0, '11': 1.0, '12': 1.0, '13': 1.0, '14': 1.0, '17': 3.0, '19': 1.0, '21': 2.0, '24': 1.0, '25': 1.0, '28': 1.0, '29': 2.0, '31': 1.0, '32': 1.0, '36': 1.0, '37': 1.0, '43': 2.0, '44': 1.0, '45': 3.0, '47': 3.0, '48': 1.0, '49': 2.0, '50': 1.0, '51': 1.0, '52': 1.0, '55': 2.0, '56': 3.0, '58': 1.0, '59': 1.0, '60': 2.0, '63': 1.0}, 'passesTotal': {'0': 1.0, '12': 1.0, '17': 2.0, '21': 2.0, '25': 1.0, '28': 1.0, '29': 1.0, '31': 1.0, '32': 1.0, '36': 1.0, '43': 1.0, '44': 1.0, '47': 3.0, '48': 1.0, '49': 2.0, '52': 1.0, '55': 2.0, '56': 1.0, '60': 2.0, '63': 1.0, '51': 1.0}, 'passesAccurate': {'0': 1.0, '12': 1.0, '17': 1.0, '21': 2.0, '25': 1.0, '28': 1.0, '29': 1.0, '31': 1.0, '32': 1.0, '36': 1.0, '43': 1.0, '44': 1.0, '47': 3.0, '48': 1.0, '49': 2.0, '52': 1.0, '55': 2.0, '56': 1.0, '60': 2.0, '63': 1.0}, 'passesKey': {'29': 1.0, '45': 1.0}, 'passSuccess': {'0': 100.0, '12': 100.0, '17': 50.0, '21': 100.0, '25': 100.0, '28': 100.0, '29': 100.0, '31': 100.0, '32': 100.0, '36': 100.0, '43': 100.0, '44': 100.0, '47': 100.0, '48': 100.0, '49': 100.0, '52': 100.0, '55': 100.0, '56': 100.0, '60': 100.0, '63': 100.0, '51': 0.0}, 'cornersTotal': {'45': 1.0}, 'cornersAccurate': {'45': 1.0}, 'throwInsTotal': {'7': 1.0, '17': 1.0, '24': 1.0, '43': 1.0, '45': 1.0, '56': 1.0, '59': 1.0}, 'throwInsAccurate': {'7': 1.0, '17': 1.0, '24': 1.0, '43': 1.0, '45': 1.0, '56': 1.0, '59': 1.0}, 'throwInAccuracy': {'45': 100.0}, 'foulsCommited': {'45': 1.0}, 'dribblesWon': {'56': 1.0}, 'dribblesAttempted': {'56': 1.0}, 'dribbleSuccess': {'56': 100.0}}",296364.0,"{'value': 2, 'displayName': 'SecondHalf'}",66.0,,,,296
6,403647,42,Morten Hjulmand,MC,185,77,25,True,False,home,"{'possession': {'0': 2.0, '1': 1.0, '2': 2.0, '3': 4.0, '5': 1.0, '6': 1.0, '7': 1.0, '8': 4.0, '11': 1.0, '12': 4.0, '13': 4.0, '15': 3.0, '16': 1.0, '17': 1.0, '18': 1.0, '19': 1.0, '20': 2.0, '21': 4.0, '22': 3.0, '24': 3.0, '25': 2.0, '26': 1.0, '27': 1.0, '31': 2.0, '35': 1.0, '37': 4.0, '38': 1.0, '40': 3.0, '44': 2.0, '45': 1.0, '47': 3.0, '48': 2.0, '49': 2.0, '53': 1.0, '54': 3.0, '55': 2.0, '56': 2.0, '60': 1.0, '61': 2.0, '63': 1.0, '65': 1.0, '68': 3.0, '72': 3.0, '75': 4.0, '84': 1.0, '89': 1.0, '91': 2.0, '95': 1.0, '96': 1.0}, 'ratings': {'0': 6.0, '1': 6.0, '2': 6.0, '3': 6.01, '5': 6.02, '6': 6.02, '7': 6.02, '8': 6.03, '11': 6.04, '12': 6.05, '13': 6.29, '15': 6.29, '16': 6.29, '17': 6.29, '18': 6.3, '19': 6.3, '20': 6.29, '21': 6.31, '22': 6.4, '24': 6.41, '25': 6.42, '26': 6.42, '27': 6.41, '31': 6.42, '35': 6.42, '37': 6.43, '38': 6.55, '40': 6.56, '44': 6.57, '45': 6.82, '47': 6.84, '48': 6.84, '49': 6.85, '53': 6.85, '54': 6.98, '55': 6.99, '56': 6.97, '60': 6.98, '61': 6.96, '63': 6.96, '65': 6.97, '68': 6.96, '70': 6.93, '72': 6.93, '75': 6.94, '78': 6.98, '82': 7.1, '84': 7.1, '89': 7.1, '91': 7.11, '95': 7.12, '96': 7.12, '97': 7.27}, 'shotsTotal': {'45': 1.0}, 'shotsOnTarget': {'45': 1.0}, 'touches': {'0': 2.0, '1': 1.0, '2': 2.0, '3': 4.0, '5': 1.0, '6': 1.0, '7': 1.0, '8': 4.0, '11': 1.0, '12': 4.0, '13': 5.0, '15': 3.0, '16': 1.0, '17': 1.0, '18': 1.0, '19': 1.0, '20': 2.0, '21': 4.0, '22': 3.0, '24': 3.0, '25': 2.0, '26': 1.0, '27': 1.0, '31': 2.0, '35': 1.0, '37': 4.0, '38': 1.0, '40': 3.0, '44': 2.0, '45': 2.0, '47': 3.0, '48': 2.0, '49': 2.0, '53': 1.0, '54': 4.0, '55': 2.0, '56': 2.0, '60': 1.0, '61': 2.0, '63': 1.0, '65': 1.0, '68': 3.0, '72': 3.0, '75': 4.0, '78': 1.0, '84': 1.0, '89': 1.0, '91': 2.0, '95': 1.0, '96': 1.0}, 'passesTotal': {'0': 2.0, '2': 2.0, '3': 4.0, '5': 1.0, '6': 1.0, '7': 1.0, '8': 4.0, '11': 1.0, '12': 4.0, '13': 4.0, '15': 3.0, '16': 1.0, '17': 1.0, '18': 1.0, '19': 1.0, '20': 1.0, '21': 4.0, '22': 3.0, '24': 3.0, '25': 2.0, '26': 1.0, '31': 2.0, '35': 1.0, '37': 4.0, '38': 1.0, '40': 3.0, '44': 2.0, '45': 1.0, '47': 3.0, '48': 2.0, '49': 2.0, '53': 1.0, '54': 3.0, '55': 2.0, '56': 2.0, '60': 1.0, '63': 1.0, '65': 1.0, '68': 3.0, '72': 3.0, '75': 4.0, '84': 1.0, '89': 1.0, '91': 2.0, '95': 1.0, '96': 1.0, '1': 1.0, '27': 1.0, '61': 2.0}, 'passesAccurate': {'0': 2.0, '2': 2.0, '3': 4.0, '5': 1.0, '6': 1.0, '7': 1.0, '8': 4.0, '11': 1.0, '12': 4.0, '13': 4.0, '15': 2.0, '16': 1.0, '17': 1.0, '18': 1.0, '19': 1.0, '20': 1.0, '21': 4.0, '22': 3.0, '24': 3.0, '25': 2.0, '26': 1.0, '31': 2.0, '35': 1.0, '37': 4.0, '38': 1.0, '40': 3.0, '44': 2.0, '45': 1.0, '47': 3.0, '48': 2.0, '49': 2.0, '53': 1.0, '54': 2.0, '55': 2.0, '56': 1.0, '60': 1.0, '63': 1.0, '65': 1.0, '68': 2.0, '72': 2.0, '75': 4.0, '84': 1.0, '89': 1.0, '91': 2.0, '95': 1.0, '96': 1.0}, 'passesKey': {'13': 1.0, '22': 1.0}, 'passSuccess': {'0': 100.0, '2': 100.0, '3': 100.0, '5': 100.0, '6': 100.0, '7': 100.0, '8': 100.0, '11': 100.0, '12': 100.0, '13': 100.0, '15': 66.67, '16': 100.0, '17': 100.0, '18': 100.0, '19': 100.0, '20': 100.0, '21': 100.0, '22': 100.0, '24': 100.0, '25': 100.0, '26': 100.0, '31': 100.0, '35': 100.0, '37': 100.0, '38': 100.0, '40': 100.0, '44': 100.0, '45': 100.0, '47': 100.0, '48': 100.0, '49': 100.0, '53': 100.0, '54': 66.67, '55': 100.0, '56': 50.0, '60': 100.0, '63': 100.0, '65': 100.0, '68': 66.67, '72': 66.67, '75': 100.0, '84': 100.0, '89': 100.0, '91': 100.0, '95': 100.0, '96': 100.0, '1': 0.0, '27': 0.0, '61': 0.0}, 'aerialsTotal': {'45': 1.0}, 'aerialsWon': {'45': 1.0}, 'offensiveAerials': {'45': 1.0}, 'tacklesTotal': {'13': 1.0, '54': 1.0, '70': 1.0}, 'tackleSuccessful': {'13': 1.0, '54': 1.0}, 'tackleUnsuccesful': {'70': 1.0}, 'tackleSuccess': {'13': 100.0, '54': 100.0, '70': 0.0}, 'dribbledPast': {'70': 1.0}}",,,,,,,296
7,384888,23,Daniel Bragança,MC,178,71,25,True,False,home,"{'possession': {'0': 2.0, '2': 2.0, '4': 1.0, '5': 1.0, '7': 1.0, '8': 1.0, '10': 1.0, '11': 1.0, '16': 1.0, '17': 2.0, '20': 5.0, '21': 1.0, '22': 1.0, '25': 2.0, '26': 1.0, '27': 1.0, '28': 1.0, '29': 2.0, '30': 2.0, '31': 2.0, '32': 4.0, '35': 2.0, '44': 3.0, '47': 3.0, '48': 1.0, '49': 3.0, '52': 1.0, '53': 2.0, '54': 2.0, '55': 3.0, '58': 1.0, '60': 1.0, '62': 2.0, '63': 2.0, '65': 2.0, '66': 1.0, '68': 2.0, '71': 2.0, '72': 3.0, '74': 1.0, '75': 2.0, '77': 1.0, '79': 2.0, '84': 2.0, '85': 2.0, '89': 1.0, '91': 2.0, '93': 1.0, '94': 1.0, '96': 2.0}, 'ratings': {'0': 6.0, '2': 6.01, '4': 6.02, '5': 6.02, '7': 5.95, '8': 6.04, '9': 6.0, '10': 6.01, '11': 6.01, '16': 5.99, '17': 6.01, '20': 6.35, '21': 6.35, '22': 6.35, '25': 6.36, '26': 6.36, '27': 6.37, '28': 6.37, '29': 6.38, '30': 6.38, '31': 6.39, '32': 6.49, '35': 6.49, '38': 7.41, '44': 7.41, '47': 7.45, '48': 7.45, '49': 7.46, '52': 7.46, '53': 7.44, '54': 7.44, '55': 7.45, '58': 7.54, '60': 7.54, '62': 7.55, '63': 7.56, '65': 7.56, '66': 7.65, '68': 7.66, '71': 7.67, '72': 7.67, '74': 7.68, '75': 7.68, '77': 7.68, '78': 7.66, '79': 7.66, '82': 7.78, '84': 7.65, '85': 7.66, '89': 7.66, '91': 7.66, '93': 7.67, '94': 7.76, '96': 7.76, '97': 7.91}, 'shotsTotal': {'38': 1.0, '40': 1.0}, 'shotsOnTarget': {'38': 1.0}, 'shotsBlocked': {'40': 1.0}, 'touches': {'0': 2.0, '2': 2.0, '4': 1.0, '5': 1.0, '7': 3.0, '8': 1.0, '10': 1.0, '11': 1.0, '16': 3.0, '17': 2.0, '20': 7.0, '21': 1.0, '22': 1.0, '25': 2.0, '26': 1.0, '27': 1.0, '28': 1.0, '29': 2.0, '30': 2.0, '31': 2.0, '32': 4.0, '35': 2.0, '38': 1.0, '40': 2.0, '44': 3.0, '47': 4.0, '48': 1.0, '49': 3.0, '52': 1.0, '53': 3.0, '54': 2.0, '55': 3.0, '58': 1.0, '60': 1.0, '62': 2.0, '63': 2.0, '65': 2.0, '66': 1.0, '68': 2.0, '71': 2.0, '72': 3.0, '74': 1.0, '75': 2.0, '77': 2.0, '78': 1.0, '79': 2.0, '84': 2.0, '85': 2.0, '89': 1.0, '91': 2.0, '93': 1.0, '94': 1.0, '96': 3.0}, 'passesTotal': {'0': 2.0, '2': 2.0, '4': 1.0, '5': 1.0, '8': 1.0, '10': 1.0, '11': 1.0, '16': 1.0, '17': 2.0, '20': 5.0, '21': 1.0, '22': 1.0, '25': 2.0, '26': 1.0, '27': 1.0, '28': 1.0, '29': 2.0, '30': 2.0, '31': 2.0, '32': 3.0, '35': 2.0, '44': 2.0, '47': 3.0, '48': 1.0, '49': 3.0, '52': 1.0, '53': 2.0, '54': 2.0, '55': 3.0, '58': 1.0, '60': 1.0, '62': 2.0, '63': 2.0, '65': 2.0, '66': 1.0, '68': 2.0, '71': 2.0, '72': 3.0, '74': 1.0, '75': 2.0, '77': 1.0, '79': 2.0, '84': 2.0, '85': 2.0, '89': 1.0, '91': 2.0, '93': 1.0, '94': 1.0, '96': 2.0, '7': 1.0}, 'passesAccurate': {'0': 2.0, '2': 2.0, '4': 1.0, '5': 1.0, '8': 1.0, '10': 1.0, '11': 1.0, '16': 1.0, '17': 2.0, '20': 4.0, '21': 1.0, '22': 1.0, '25': 2.0, '26': 1.0, '27': 1.0, '28': 1.0, '29': 2.0, '30': 2.0, '31': 2.0, '32': 3.0, '35': 2.0, '44': 2.0, '47': 3.0, '48': 1.0, '49': 3.0, '52': 1.0, '53': 2.0, '54': 2.0, '55': 3.0, '58': 1.0, '60': 1.0, '62': 2.0, '63': 2.0, '65': 2.0, '66': 1.0, '68': 2.0, '71': 2.0, '72': 3.0, '74': 1.0, '75': 2.0, '77': 1.0, '79': 2.0, '84': 1.0, '85': 2.0, '89': 1.0, '91': 2.0, '93': 1.0, '94': 1.0, '96': 2.0}, 'passesKey': {'8': 1.0, '58': 1.0, '66': 1.0, '94': 1.0}, 'passSuccess': {'0': 100.0, '2': 100.0, '4': 100.0, '5': 100.0, '8': 100.0, '10': 100.0, '11': 100.0, '16': 100.0, '17': 100.0, '20': 80.0, '21': 100.0, '22': 100.0, '25': 100.0, '26': 100.0, '27': 100.0, '28': 100.0, '29': 100.0, '30': 100.0, '31': 100.0, '32': 100.0, '35': 100.0, '44': 100.0, '47': 100.0, '48': 100.0, '49': 100.0, '52': 100.0, '53': 100.0, '54': 100.0, '55': 100.0, '58': 100.0, '60': 100.0, '62': 100.0, '63': 100.0, '65': 100.0, '66': 100.0, '68': 100.0, '71': 100.0, '72': 100.0, '74': 100.0, '75': 100.0, '77': 100.0, '79': 100.0, '84': 50.0, '85': 100.0, '89': 100.0, '91': 100.0, '93': 100.0, '94': 100.0, '96': 100.0, '7': 0.0}, 'aerialsTotal': {'9': 1.0}, 'defensiveAerials': {'9': 1.0}, 'foulsCommited': {'9': 1.0, '84': 1.0}, 'dribblesWon': {'20': 2.0}, 'dribblesAttempted': {'20': 2.0, '16': 1.0}, 'dribblesLost': {'16': 1.0}, 'dribbleSuccess': {'20': 100.0, '16': 0.0}, 'dispossessed': {'7': 2.0, '53': 1.0}}",,,,,,,296
8,368409,17,Trincão,FWR,184,76,24,True,True,home,"{'possession': {'1': 1.0, '2': 1.0, '3': 1.0, '4': 1.0, '6': 1.0, '8': 1.0, '12': 1.0, '13': 1.0, '15': 1.0, '16': 1.0, '18': 1.0, '24': 1.0, '25': 3.0, '27': 2.0, '30': 2.0, '33': 2.0, '37': 2.0, '38': 2.0, '40': 1.0, '44': 2.0, '49': 1.0, '50': 2.0, '52': 2.0, '54': 1.0, '57': 1.0, '58': 1.0, '62': 5.0, '69': 1.0, '75': 2.0, '76': 2.0, '90': 3.0, '94': 1.0, '96': 1.0}, 'ratings': {'0': 6.0, '1': 6.0, '2': 6.0, '3': 5.98, '4': 5.99, '6': 5.94, '8': 5.94, '12': 5.94, '13': 5.94, '15': 5.95, '16': 6.08, '18': 6.09, '24': 6.09, '25': 6.03, '27': 6.03, '30': 6.04, '33': 6.04, '35': 6.01, '37': 5.98, '38': 6.94, '40': 7.03, '44': 7.03, '49': 7.0, '50': 7.14, '52': 7.15, '54': 7.15, '57': 7.14, '58': 7.14, '62': 7.11, '63': 7.1, '65': 7.13, '68': 7.45, '69': 7.44, '75': 7.44, '76': 7.56, '82': 7.72, '84': 7.69, '85': 7.86, '90': 7.86, '93': 7.83, '94': 7.83, '96': 7.92, '97': 7.97}, 'shotsTotal': {'21': 1.0, '25': 1.0, '57': 1.0, '68': 1.0, '76': 1.0, '96': 1.0}, 'shotsOnPost': {'68': 1.0}, 'shotsOffTarget': {'68': 1.0, '76': 1.0}, 'shotsBlocked': {'21': 1.0, '25': 1.0, '57': 1.0, '96': 1.0}, 'touches': {'1': 1.0, '2': 1.0, '3': 3.0, '4': 1.0, '6': 2.0, '8': 1.0, '12': 1.0, '13': 1.0, '15': 1.0, '16': 2.0, '18': 1.0, '21': 1.0, '24': 1.0, '25': 6.0, '27': 2.0, '30': 2.0, '33': 2.0, '35': 2.0, '37': 3.0, '38': 3.0, '40': 1.0, '44': 2.0, '49': 2.0, '50': 4.0, '52': 2.0, '53': 1.0, '54': 2.0, '57': 3.0, '58': 1.0, '62': 6.0, '63': 1.0, '65': 1.0, '68': 1.0, '69': 1.0, '70': 1.0, '75': 2.0, '76': 3.0, '84': 1.0, '85': 2.0, '90': 3.0, '93': 1.0, '94': 1.0, '96': 3.0}, 'passesTotal': {'1': 1.0, '3': 1.0, '4': 1.0, '12': 1.0, '13': 1.0, '15': 1.0, '16': 1.0, '18': 1.0, '24': 1.0, '25': 3.0, '27': 2.0, '30': 2.0, '33': 1.0, '37': 2.0, '38': 2.0, '40': 1.0, '44': 2.0, '49': 1.0, '50': 2.0, '52': 2.0, '54': 1.0, '57': 1.0, '58': 1.0, '62': 5.0, '75': 2.0, '76': 1.0, '90': 3.0, '94': 1.0, '96': 1.0, '2': 1.0, '8': 1.0, '69': 1.0}, 'passesAccurate': {'1': 1.0, '3': 1.0, '4': 1.0, '12': 1.0, '13': 1.0, '15': 1.0, '16': 1.0, '18': 1.0, '24': 1.0, '25': 2.0, '27': 2.0, '30': 2.0, '33': 1.0, '37': 2.0, '38': 2.0, '40': 1.0, '44': 2.0, '49': 1.0, '50': 2.0, '52': 2.0, '54': 1.0, '57': 1.0, '58': 1.0, '62': 4.0, '75': 2.0, '76': 1.0, '90': 2.0, '94': 1.0, '96': 1.0}, 'passesKey': {'38': 1.0, '40': 1.0}, 'passSuccess': {'1': 100.0, '3': 100.0, '4': 100.0, '12': 100.0, '13': 100.0, '15': 100.0, '16': 100.0, '18': 100.0, '24': 100.0, '25': 66.67, '27': 100.0, '30': 100.0, '33': 100.0, '37': 100.0, '38': 100.0, '40': 100.0, '44': 100.0, '49': 100.0, '50': 100.0, '52': 100.0, '54': 100.0, '57': 100.0, '58': 100.0, '62': 80.0, '75': 100.0, '76': 100.0, '90': 66.67, '94': 100.0, '96': 100.0, '2': 0.0, '8': 0.0, '69': 0.0}, 'aerialsTotal': {'76': 1.0, '96': 1.0}, 'aerialsWon': {'76': 1.0, '96': 1.0}, 'offensiveAerials': {'76': 1.0, '96': 1.0}, 'cornersTotal': {'76': 1.0}, 'tacklesTotal': {'16': 1.0, '35': 1.0}, 'tackleSuccessful': {'16': 1.0}, 'tackleUnsuccesful': {'35': 1.0}, 'tackleSuccess': {'16': 100.0, '35': 0.0}, 'dribbledPast': {'35': 1.0}, 'dribblesWon': {'38': 1.0, '50': 1.0, '85': 1.0}, 'dribblesAttempted': {'38': 1.0, '50': 1.0, '85': 1.0, '3': 1.0, '57': 1.0, '63': 1.0}, 'dribblesLost': {'3': 1.0, '57': 1.0, '63': 1.0}, 'dribbleSuccess': {'38': 100.0, '50': 100.0, '85': 100.0, '3': 0.0, '57': 0.0, '63': 0.0}, 'dispossessed': {'6': 1.0, '25': 1.0, '49': 1.0}}",,,,,,,296
9,362815,9,Viktor Gyökeres,FW,187,90,26,True,False,home,"{'possession': {'3': 1.0, '5': 1.0, '7': 1.0, '16': 1.0, '18': 1.0, '20': 1.0, '21': 1.0, '22': 1.0, '25': 1.0, '31': 2.0, '35': 1.0, '37': 1.0, '44': 1.0, '48': 1.0, '54': 1.0, '89': 1.0, '94': 2.0, '96': 1.0}, 'ratings': {'0': 6.0, '3': 6.0, '5': 6.0, '7': 5.99, '8': 5.97, '11': 5.95, '13': 5.99, '16': 6.08, '18': 6.07, '19': 6.12, '20': 6.12, '21': 6.21, '22': 6.21, '25': 6.21, '31': 6.22, '32': 6.19, '35': 6.19, '37': 6.19, '38': 6.39, '44': 6.4, '48': 6.36, '54': 6.36, '60': 6.34, '66': 6.51, '71': 6.56, '80': 6.92, '82': 7.62, '88': 7.76, '89': 7.76, '94': 7.73, '96': 7.74, '97': 7.79}, 'shotsTotal': {'58': 1.0, '66': 1.0, '82': 1.0}, 'shotsOnTarget': {'66': 1.0, '82': 1.0}, 'shotsBlocked': {'58': 1.0}, 'clearances': {'19': 1.0, '71': 1.0, '88': 1.0}, 'touches': {'3': 1.0, '5': 1.0, '7': 1.0, '8': 1.0, '13': 1.0, '16': 1.0, '18': 1.0, '19': 1.0, '20': 1.0, '21': 1.0, '22': 1.0, '25': 1.0, '31': 2.0, '32': 1.0, '35': 1.0, '37': 1.0, '44': 1.0, '48': 2.0, '54': 1.0, '58': 1.0, '60': 1.0, '61': 1.0, '66': 1.0, '71': 1.0, '80': 1.0, '82': 1.0, '88': 1.0, '89': 1.0, '94': 3.0, '96': 2.0}, 'passesTotal': {'3': 1.0, '16': 1.0, '20': 1.0, '21': 1.0, '22': 1.0, '25': 1.0, '31': 2.0, '35': 1.0, '37': 1.0, '44': 1.0, '48': 1.0, '89': 1.0, '94': 2.0, '96': 1.0, '5': 1.0, '18': 1.0, '54': 1.0}, 'passesAccurate': {'3': 1.0, '16': 1.0, '20': 1.0, '21': 1.0, '22': 1.0, '25': 1.0, '31': 2.0, '35': 1.0, '37': 1.0, '44': 1.0, '48': 1.0, '89': 1.0, '94': 2.0, '96': 1.0}, 'passesKey': {'16': 1.0, '21': 1.0}, 'passSuccess': {'3': 100.0, '16': 100.0, '20': 100.0, '21': 100.0, '22': 100.0, '25': 100.0, '31': 100.0, '35': 100.0, '37': 100.0, '44': 100.0, '48': 100.0, '89': 100.0, '94': 100.0, '96': 100.0, '5': 0.0, '18': 0.0, '54': 0.0}, 'aerialsTotal': {'88': 1.0}, 'aerialsWon': {'88': 1.0}, 'defensiveAerials': {'88': 1.0}, 'throwInsTotal': {'61': 1.0}, 'throwInsAccurate': {'61': 1.0}, 'offsidesCaught': {'11': 1.0}, 'dribblesAttempted': {'8': 1.0, '60': 1.0}, 'dribblesLost': {'8': 1.0, '60': 1.0}, 'dispossessed': {'32': 1.0}}",,,,,,,296
10,538807,19,Conrad Harder,FWL,181,71,19,True,False,home,"{'possession': {'2': 1.0, '3': 1.0, '5': 2.0, '7': 1.0, '16': 1.0, '17': 1.0, '20': 1.0, '22': 2.0, '24': 2.0, '25': 3.0, '27': 2.0, '28': 2.0, '31': 1.0, '32': 1.0, '44': 1.0}, 'ratings': {'0': 6.0, '2': 6.0, '3': 6.0, '5': 6.0, '7': 6.01, '12': 5.99, '16': 5.97, '17': 5.97, '19': 6.02, '20': 6.02, '21': 5.91, '22': 6.07, '24': 6.07, '25': 6.1, '27': 6.11, '28': 6.12, '29': 6.17, '31': 6.17, '32': 6.17, '36': 6.14, '38': 6.3, '44': 6.3, '48': 6.35}, 'shotsTotal': {'5': 1.0, '16': 1.0, '22': 1.0, '29': 1.0}, 'shotsOffTarget': {'16': 1.0, '29': 1.0}, 'shotsBlocked': {'5': 1.0, '22': 1.0}, 'clearances': {'19': 1.0}, 'touches': {'2': 1.0, '3': 1.0, '4': 1.0, '5': 3.0, '7': 1.0, '12': 1.0, '16': 2.0, '17': 1.0, '19': 1.0, '20': 1.0, '21': 4.0, '22': 5.0, '24': 2.0, '25': 4.0, '27': 2.0, '28': 2.0, '29': 1.0, '31': 1.0, '32': 1.0, '36': 1.0, '44': 1.0}, 'passesTotal': {'2': 1.0, '5': 2.0, '7': 1.0, '17': 1.0, '20': 1.0, '22': 2.0, '24': 1.0, '25': 2.0, '27': 2.0, '28': 2.0, '31': 1.0, '32': 1.0, '3': 1.0, '16': 1.0, '44': 1.0}, 'passesAccurate': {'2': 1.0, '5': 2.0, '7': 1.0, '17': 1.0, '20': 1.0, '22': 1.0, '24': 1.0, '25': 2.0, '27': 2.0, '28': 2.0, '31': 1.0, '32': 1.0}, 'passSuccess': {'2': 100.0, '5': 100.0, '7': 100.0, '17': 100.0, '20': 100.0, '22': 50.0, '24': 100.0, '25': 100.0, '27': 100.0, '28': 100.0, '31': 100.0, '32': 100.0, '3': 0.0, '16': 0.0, '44': 0.0}, 'dribblesWon': {'22': 1.0}, 'dribblesAttempted': {'22': 1.0, '12': 1.0, '21': 1.0}, 'dribblesLost': {'12': 1.0, '21': 1.0}, 'dribbleSuccess': {'22': 100.0, '12': 0.0, '21': 0.0}, 'dispossessed': {'21': 3.0, '36': 1.0}}",409279.0,"{'value': 2, 'displayName': 'SecondHalf'}",48.0,,,,296
11,409279,5,Hidemasa Morita,Sub,177,69,29,,False,home,"{'possession': {'48': 1.0, '49': 2.0, '51': 1.0, '53': 1.0, '54': 2.0, '55': 4.0, '57': 2.0, '58': 1.0, '59': 1.0, '60': 2.0, '62': 1.0, '63': 1.0, '65': 1.0, '66': 1.0, '68': 2.0, '72': 1.0, '75': 1.0, '77': 1.0, '79': 3.0, '80': 3.0, '85': 2.0, '89': 2.0, '90': 3.0, '91': 1.0, '93': 1.0, '94': 1.0, '95': 1.0, '96': 1.0}, 'ratings': {'48': 6.0, '49': 6.0, '51': 5.99, '52': 5.94, '53': 5.94, '54': 5.94, '55': 5.94, '57': 6.06, '58': 6.05, '59': 6.05, '60': 6.06, '62': 6.06, '63': 6.07, '65': 6.07, '66': 6.07, '68': 6.08, '72': 6.08, '75': 6.08, '77': 6.08, '79': 6.08, '80': 6.08, '82': 6.18, '85': 6.18, '87': 6.24, '89': 6.24, '90': 6.25, '91': 6.25, '92': 6.24, '93': 6.24, '94': 6.24, '95': 6.24, '96': 6.33, '97': 6.36}, 'shotsTotal': {'57': 1.0, '58': 1.0}, 'shotsOnTarget': {'57': 1.0}, 'shotsOffTarget': {'58': 1.0}, 'clearances': {'87': 1.0}, 'touches': {'48': 1.0, '49': 2.0, '51': 1.0, '52': 1.0, '53': 1.0, '54': 2.0, '55': 4.0, '57': 3.0, '58': 2.0, '59': 1.0, '60': 2.0, '62': 1.0, '63': 1.0, '65': 1.0, '66': 1.0, '68': 2.0, '72': 1.0, '75': 1.0, '77': 1.0, '79': 3.0, '80': 3.0, '85': 2.0, '87': 1.0, '89': 2.0, '90': 3.0, '91': 1.0, '93': 1.0, '94': 1.0, '95': 1.0, '96': 1.0}, 'passesTotal': {'48': 1.0, '49': 2.0, '53': 1.0, '54': 2.0, '55': 4.0, '57': 2.0, '58': 1.0, '59': 1.0, '60': 2.0, '62': 1.0, '63': 1.0, '65': 1.0, '66': 1.0, '68': 2.0, '72': 1.0, '75': 1.0, '79': 3.0, '80': 3.0, '85': 2.0, '89': 2.0, '90': 3.0, '91': 1.0, '93': 1.0, '94': 1.0, '95': 1.0, '96': 1.0, '51': 1.0, '77': 1.0}, 'passesAccurate': {'48': 1.0, '49': 1.0, '53': 1.0, '54': 1.0, '55': 3.0, '57': 2.0, '58': 1.0, '59': 1.0, '60': 2.0, '62': 1.0, '63': 1.0, '65': 1.0, '66': 1.0, '68': 2.0, '72': 1.0, '75': 1.0, '79': 2.0, '80': 2.0, '85': 2.0, '89': 2.0, '90': 3.0, '91': 1.0, '93': 1.0, '94': 1.0, '95': 1.0, '96': 1.0}, 'passesKey': {'57': 1.0, '96': 1.0}, 'passSuccess': {'48': 100.0, '49': 50.0, '53': 100.0, '54': 50.0, '55': 75.0, '57': 100.0, '58': 100.0, '59': 100.0, '60': 100.0, '62': 100.0, '63': 100.0, '65': 100.0, '66': 100.0, '68': 100.0, '72': 100.0, '75': 100.0, '79': 66.67, '80': 66.67, '85': 100.0, '89': 100.0, '90': 100.0, '91': 100.0, '93': 100.0, '94': 100.0, '95': 100.0, '96': 100.0, '51': 0.0, '77': 0.0}, 'cornersTotal': {'49': 1.0, '57': 1.0}, 'foulsCommited': {'52': 1.0, '92': 1.0}}",,,,"{'value': 2, 'displayName': 'SecondHalf'}",48.0,538807.0,296
12,509068,57,Geovany Quenda,Sub,172,68,17,,False,home,"{'possession': {'72': 2.0, '75': 1.0, '76': 2.0, '84': 1.0, '85': 1.0, '86': 2.0, '87': 1.0, '92': 1.0}, 'ratings': {'70': 6.0, '72': 6.01, '75': 6.01, '76': 6.18, '82': 6.28, '84': 6.4, '85': 6.4, '86': 6.4, '87': 6.36, '92': 6.37, '97': 6.4}, 'touches': {'72': 2.0, '75': 1.0, '76': 2.0, '80': 1.0, '83': 1.0, '84': 4.0, '85': 1.0, '86': 2.0, '87': 2.0, '92': 2.0, '96': 2.0}, 'passesTotal': {'72': 2.0, '75': 1.0, '76': 1.0, '85': 1.0, '86': 2.0, '92': 1.0, '84': 1.0, '87': 1.0}, 'passesAccurate': {'72': 2.0, '75': 1.0, '76': 1.0, '85': 1.0, '86': 2.0, '92': 1.0}, 'passesKey': {'76': 1.0}, 'passSuccess': {'72': 100.0, '75': 100.0, '76': 100.0, '85': 100.0, '86': 100.0, '92': 100.0, '84': 0.0, '87': 0.0}, 'throwInsTotal': {'80': 1.0, '83': 1.0, '92': 1.0, '96': 1.0}, 'throwInsAccurate': {'80': 1.0, '92': 1.0, '96': 1.0}, 'tacklesTotal': {'84': 1.0}, 'tackleSuccessful': {'84': 1.0}, 'tackleSuccess': {'84': 100.0}}",,,,"{'value': 2, 'displayName': 'SecondHalf'}",70.0,425093.0,296
13,109474,47,Ricardo Esgaio,Sub,172,73,31,,False,home,"{'possession': {'79': 4.0, '80': 2.0, '86': 3.0, '89': 4.0, '90': 3.0, '91': 3.0, '93': 4.0, '94': 4.0, '95': 1.0, '96': 2.0}, 'ratings': {'79': 6.01, '80': 6.02, '82': 6.12, '86': 6.12, '87': 6.16, '89': 6.19, '90': 6.2, '91': 6.2, '93': 6.21, '94': 6.22, '95': 6.22, '96': 6.23, '97': 6.26}, 'clearances': {'87': 1.0}, 'touches': {'79': 4.0, '80': 2.0, '86': 3.0, '87': 1.0, '89': 4.0, '90': 3.0, '91': 3.0, '93': 4.0, '94': 4.0, '95': 1.0, '96': 2.0}, 'passesTotal': {'79': 4.0, '80': 2.0, '86': 3.0, '89': 4.0, '90': 3.0, '91': 3.0, '93': 4.0, '94': 4.0, '95': 1.0, '96': 2.0}, 'passesAccurate': {'79': 4.0, '80': 2.0, '86': 2.0, '89': 4.0, '90': 3.0, '91': 3.0, '93': 4.0, '94': 4.0, '95': 1.0, '96': 2.0}, 'passSuccess': {'79': 100.0, '80': 100.0, '86': 66.67, '89': 100.0, '90': 100.0, '91': 100.0, '93': 100.0, '94': 100.0, '95': 100.0, '96': 100.0}}",,,,"{'value': 2, 'displayName': 'SecondHalf'}",79.0,394932.0,296
14,296364,11,Nuno Santos,Sub,177,72,29,,False,home,"{'possession': {'66': 1.0, '68': 2.0, '71': 1.0, '72': 1.0, '75': 1.0, '76': 1.0, '78': 1.0, '80': 2.0, '85': 1.0, '86': 1.0, '89': 2.0, '91': 3.0, '95': 2.0, '96': 2.0}, 'ratings': {'66': 6.0, '68': 6.01, '71': 6.01, '72': 6.01, '75': 6.01, '76': 6.02, '78': 6.01, '80': 6.02, '82': 6.12, '85': 6.12, '86': 6.12, '88': 6.16, '89': 6.16, '91': 6.15, '94': 6.2, '95': 6.2, '96': 6.29, '97': 6.33}, 'shotsTotal': {'94': 1.0}, 'shotsOffTarget': {'94': 1.0}, 'touches': {'66': 1.0, '68': 2.0, '71': 1.0, '72': 1.0, '75': 1.0, '76': 1.0, '78': 2.0, '80': 2.0, '85': 1.0, '86': 1.0, '88': 2.0, '89': 2.0, '91': 3.0, '94': 1.0, '95': 2.0, '96': 2.0}, 'passesTotal': {'66': 1.0, '68': 2.0, '71': 1.0, '72': 1.0, '75': 1.0, '76': 1.0, '80': 2.0, '85': 1.0, '86': 1.0, '89': 2.0, '91': 2.0, '95': 1.0, '96': 1.0, '78': 1.0}, 'passesAccurate': {'66': 1.0, '68': 2.0, '71': 1.0, '72': 1.0, '75': 1.0, '76': 1.0, '80': 2.0, '85': 1.0, '86': 1.0, '89': 2.0, '91': 1.0, '95': 1.0, '96': 1.0}, 'passSuccess': {'66': 100.0, '68': 100.0, '71': 100.0, '72': 100.0, '75': 100.0, '76': 100.0, '80': 100.0, '85': 100.0, '86': 100.0, '89': 100.0, '91': 50.0, '95': 100.0, '96': 100.0, '78': 0.0}, 'cornersTotal': {'95': 1.0}, 'cornersAccurate': {'76': 1.0, '96': 1.0}, 'throwInAccuracy': {'95': 0.0}}",,,,"{'value': 2, 'displayName': 'SecondHalf'}",66.0,460758.0,296
15,444257,22,Iván Fresneda,Sub,183,74,20,,False,home,"{'possession': {'72': 3.0, '74': 1.0, '75': 4.0, '76': 1.0, '80': 1.0, '84': 2.0, '85': 1.0, '86': 4.0, '92': 1.0, '93': 1.0}, 'ratings': {'70': 6.0, '72': 6.01, '74': 6.01, '75': 6.02, '76': 6.03, '80': 6.03, '82': 6.13, '84': 6.14, '85': 6.13, '86': 6.14, '92': 6.14, '93': 6.14, '97': 6.17}, 'touches': {'70': 1.0, '72': 3.0, '74': 1.0, '75': 4.0, '76': 1.0, '80': 1.0, '84': 2.0, '85': 1.0, '86': 4.0, '92': 1.0, '93': 1.0, '95': 1.0}, 'passesTotal': {'72': 3.0, '74': 1.0, '75': 4.0, '76': 1.0, '80': 1.0, '84': 2.0, '86': 4.0, '92': 1.0, '93': 1.0, '85': 1.0}, 'passesAccurate': {'72': 3.0, '74': 1.0, '75': 4.0, '76': 1.0, '80': 1.0, '84': 2.0, '86': 4.0, '92': 1.0, '93': 1.0}, 'passSuccess': {'72': 100.0, '74': 100.0, '75': 100.0, '76': 100.0, '80': 100.0, '84': 100.0, '86': 100.0, '92': 100.0, '93': 100.0, '85': 0.0}}",,,,"{'value': 2, 'displayName': 'SecondHalf'}",70.0,395992.0,296
16,376862,13,Vladan Kovacevic,Sub,192,86,26,,False,home,{},,,,,,,296
17,516857,86,Rafael Nel,Sub,182,71,19,,False,home,{},,,,,,,296
18,540225,54,Bruno Ramos,Sub,182,0,19,,False,home,{},,,,,,,296
19,541017,80,Luís Gomes,Sub,172,0,20,,False,home,{},,,,,,,296
0,411677,1,Patrick Sequeira,GK,190,84,25,True,False,away,"{'totalSaves': {'45': 1.0, '55': 1.0, '57': 1.0, '66': 1.0}, 'collected': {'45': 1.0, '55': 1.0, '66': 1.0}, 'parriedSafe': {'57': 1.0}, 'possession': {'6': 1.0, '9': 1.0, '11': 1.0, '13': 1.0, '15': 1.0, '18': 1.0, '26': 1.0, '30': 1.0, '31': 1.0, '33': 1.0, '43': 1.0, '45': 1.0, '49': 1.0, '51': 3.0, '53': 1.0, '56': 1.0, '58': 1.0, '59': 1.0, '61': 1.0, '67': 1.0, '69': 1.0, '71': 1.0, '77': 2.0, '83': 1.0, '87': 1.0, '95': 1.0}, 'ratings': {'0': 6.0, '6': 5.99, '9': 6.0, '11': 5.99, '13': 6.0, '15': 5.99, '18': 5.98, '26': 5.97, '30': 5.98, '31': 5.97, '33': 5.96, '38': 5.7, '40': 5.74, '43': 5.74, '45': 5.95, '49': 5.94, '51': 5.95, '53': 5.95, '55': 6.05, '57': 6.25, '58': 6.24, '59': 6.25, '61': 6.26, '66': 6.37, '67': 6.38, '69': 6.37, '71': 6.36, '77': 6.36, '82': 6.09, '83': 6.1, '86': 6.11, '87': 6.12, '95': 6.1, '97': 6.11}, 'clearances': {'40': 1.0}, 'touches': {'6': 1.0, '9': 1.0, '11': 1.0, '13': 1.0, '15': 1.0, '16': 1.0, '18': 1.0, '26': 1.0, '30': 1.0, '31': 1.0, '33': 1.0, '40': 1.0, '43': 1.0, '45': 2.0, '49': 1.0, '51': 3.0, '53': 1.0, '55': 1.0, '56': 1.0, '57': 1.0, '58': 1.0, '59': 2.0, '61': 1.0, '66': 1.0, '67': 1.0, '69': 1.0, '71': 1.0, '77': 2.0, '83': 1.0, '87': 1.0, '95': 1.0}, 'passesTotal': {'9': 1.0, '13': 1.0, '30': 1.0, '45': 1.0, '51': 2.0, '53': 1.0, '59': 1.0, '61': 1.0, '67': 1.0, '77': 2.0, '83': 1.0, '87': 1.0, '6': 1.0, '11': 1.0, '15': 1.0, '18': 1.0, '26': 1.0, '31': 1.0, '33': 1.0, '43': 1.0, '49': 1.0, '58': 1.0, '69': 1.0, '71': 1.0, '95': 1.0}, 'passesAccurate': {'9': 1.0, '13': 1.0, '30': 1.0, '45': 1.0, '51': 1.0, '53': 1.0, '59': 1.0, '61': 1.0, '67': 1.0, '77': 1.0, '83': 1.0, '87': 1.0}, 'passSuccess': {'9': 100.0, '13': 100.0, '30': 100.0, '45': 100.0, '51': 50.0, '53': 100.0, '59': 100.0, '61': 100.0, '67': 100.0, '77': 50.0, '83': 100.0, '87': 100.0, '6': 0.0, '11': 0.0, '15': 0.0, '18': 0.0, '26': 0.0, '31': 0.0, '33': 0.0, '43': 0.0, '49': 0.0, '58': 0.0, '69': 0.0, '71': 0.0, '95': 0.0}}",,,,,,,9509
1,105686,19,Nermin Zolotic,DC,189,83,31,True,False,away,"{'possession': {'3': 1.0, '21': 1.0, '40': 1.0, '50': 2.0, '51': 1.0, '53': 1.0, '59': 1.0, '69': 1.0, '79': 1.0, '84': 2.0, '85': 1.0, '87': 1.0}, 'ratings': {'0': 6.0, '3': 6.14, '11': 6.16, '21': 6.17, '25': 6.37, '29': 6.45, '35': 6.33, '38': 6.1, '40': 6.15, '49': 6.24, '50': 6.24, '51': 6.24, '53': 6.23, '57': 6.31, '58': 6.36, '59': 6.36, '63': 6.5, '69': 6.48, '72': 6.68, '79': 6.69, '82': 6.49, '83': 6.6, '84': 6.59, '85': 6.6, '87': 6.6}, 'clearances': {'40': 1.0, '58': 1.0}, 'interceptions': {'25': 1.0, '72': 1.0, '83': 1.0}, 'touches': {'3': 2.0, '21': 1.0, '25': 1.0, '29': 1.0, '40': 2.0, '49': 1.0, '50': 2.0, '51': 1.0, '53': 1.0, '57': 1.0, '58': 1.0, '59': 1.0, '63': 1.0, '69': 1.0, '72': 1.0, '79': 1.0, '83': 1.0, '84': 2.0, '85': 1.0, '87': 1.0}, 'passesTotal': {'3': 1.0, '21': 1.0, '40': 1.0, '50': 2.0, '51': 1.0, '59': 1.0, '79': 1.0, '84': 2.0, '85': 1.0, '87': 1.0, '53': 1.0, '69': 1.0}, 'passesAccurate': {'3': 1.0, '21': 1.0, '40': 1.0, '50': 2.0, '51': 1.0, '59': 1.0, '79': 1.0, '84': 1.0, '85': 1.0, '87': 1.0}, 'passSuccess': {'3': 100.0, '21': 100.0, '40': 100.0, '50': 100.0, '51': 100.0, '59': 100.0, '79': 100.0, '84': 50.0, '85': 100.0, '87': 100.0, '53': 0.0, '69': 0.0}, 'foulsCommited': {'35': 1.0}, 'tacklesTotal': {'3': 1.0, '63': 1.0, '49': 1.0, '38': 1.0}, 'tackleSuccessful': {'3': 1.0, '63': 1.0, '49': 1.0}, 'tackleUnsuccesful': {'38': 1.0}, 'tackleSuccess': {'3': 100.0, '63': 100.0, '49': 100.0, '38': 0.0}, 'dribbledPast': {'38': 1.0}}",515494.0,"{'value': 2, 'displayName': 'SecondHalf'}",89.0,,,,9509
2,414501,3,Ruben Kluivert,DC,187,70,23,True,False,away,"{'possession': {'0': 1.0, '4': 1.0, '16': 1.0, '31': 1.0, '48': 1.0, '51': 1.0, '53': 1.0, '59': 2.0, '61': 1.0, '77': 1.0, '83': 1.0, '85': 1.0, '90': 2.0, '92': 1.0, '95': 1.0}, 'ratings': {'0': 5.99, '4': 5.98, '13': 5.96, '16': 5.96, '25': 6.01, '31': 6.0, '32': 6.18, '34': 6.22, '38': 6.02, '40': 6.1, '46': 6.08, '48': 6.09, '49': 6.14, '51': 6.12, '53': 6.12, '57': 6.18, '59': 6.18, '61': 6.24, '62': 6.29, '77': 6.29, '80': 5.76, '82': 5.56, '83': 5.56, '85': 5.57, '90': 5.58, '92': 5.58, '94': 5.63, '95': 5.62, '96': 5.6}, 'shotsTotal': {'34': 1.0}, 'shotsOffTarget': {'34': 1.0}, 'clearances': {'25': 1.0, '32': 1.0, '49': 1.0, '57': 1.0, '61': 1.0, '62': 1.0, '94': 1.0}, 'touches': {'0': 1.0, '4': 1.0, '7': 1.0, '16': 1.0, '25': 1.0, '31': 1.0, '32': 2.0, '34': 1.0, '40': 1.0, '44': 1.0, '48': 1.0, '49': 1.0, '51': 1.0, '53': 1.0, '57': 1.0, '58': 1.0, '59': 2.0, '61': 2.0, '62': 1.0, '77': 1.0, '83': 1.0, '85': 1.0, '90': 2.0, '92': 1.0, '94': 1.0, '95': 1.0}, 'passesTotal': {'16': 1.0, '48': 1.0, '53': 1.0, '59': 2.0, '61': 1.0, '77': 1.0, '83': 1.0, '85': 1.0, '90': 2.0, '92': 1.0, '0': 1.0, '4': 1.0, '31': 1.0, '51': 1.0, '95': 1.0}, 'passesAccurate': {'16': 1.0, '48': 1.0, '53': 1.0, '59': 2.0, '61': 1.0, '77': 1.0, '83': 1.0, '85': 1.0, '90': 2.0, '92': 1.0}, 'passSuccess': {'16': 100.0, '48': 100.0, '53': 100.0, '59': 100.0, '61': 100.0, '77': 100.0, '83': 100.0, '85': 100.0, '90': 100.0, '92': 100.0, '0': 0.0, '4': 0.0, '31': 0.0, '51': 0.0, '95': 0.0}, 'aerialsTotal': {'96': 1.0}, 'defensiveAerials': {'96': 1.0}, 'offsidesCaught': {'46': 1.0}, 'foulsCommited': {'13': 1.0, '80': 1.0}, 'tacklesTotal': {'32': 1.0}, 'tackleSuccessful': {'32': 1.0}, 'tackleSuccess': {'32': 100.0}}",,,,,,,9509
3,425322,4,João Goulart,DC,191,88,24,True,False,away,"{'possession': {'10': 1.0, '28': 1.0, '56': 2.0, '59': 2.0, '67': 1.0, '85': 2.0, '91': 1.0, '92': 2.0}, 'ratings': {'0': 6.0, '1': 6.05, '6': 6.1, '10': 6.1, '22': 6.2, '24': 6.25, '28': 6.24, '33': 6.29, '36': 6.39, '37': 6.44, '38': 6.24, '43': 6.34, '45': 6.39, '50': 6.44, '56': 6.43, '58': 6.52, '59': 6.5, '60': 6.64, '61': 6.74, '67': 6.92, '80': 7.12, '82': 6.92, '85': 6.93, '91': 7.03, '92': 7.03, '93': 7.08}, 'clearances': {'1': 1.0, '6': 1.0, '24': 1.0, '33': 1.0, '37': 1.0, '45': 1.0, '50': 1.0, '93': 1.0}, 'interceptions': {'22': 1.0, '43': 1.0, '61': 1.0, '80': 1.0, '91': 1.0}, 'touches': {'1': 1.0, '6': 1.0, '10': 1.0, '22': 1.0, '24': 1.0, '28': 1.0, '33': 1.0, '36': 2.0, '37': 1.0, '43': 1.0, '45': 1.0, '50': 1.0, '56': 2.0, '58': 1.0, '59': 2.0, '60': 1.0, '61': 1.0, '67': 1.0, '80': 1.0, '85': 2.0, '91': 2.0, '92': 2.0, '93': 1.0}, 'passesTotal': {'10': 1.0, '56': 2.0, '59': 2.0, '67': 1.0, '85': 2.0, '92': 2.0, '28': 1.0, '91': 1.0}, 'passesAccurate': {'10': 1.0, '56': 1.0, '59': 1.0, '67': 1.0, '85': 2.0, '92': 2.0}, 'passesKey': {'67': 1.0}, 'passSuccess': {'10': 100.0, '56': 50.0, '59': 50.0, '67': 100.0, '85': 100.0, '92': 100.0, '28': 0.0, '91': 0.0}, 'tacklesTotal': {'36': 1.0, '60': 1.0}, 'tackleSuccessful': {'36': 1.0, '60': 1.0}, 'tackleSuccess': {'36': 100.0, '60': 100.0}}",,,,,,,9509
4,142237,18,André Geraldes,DMR,180,70,33,True,False,away,"{'possession': {'28': 1.0, '53': 1.0, '56': 2.0, '67': 1.0, '78': 2.0, '85': 1.0, '87': 1.0}, 'ratings': {'0': 6.0, '21': 6.33, '22': 6.42, '28': 6.41, '29': 6.46, '38': 6.34, '44': 6.39, '53': 6.38, '56': 6.39, '67': 6.38, '68': 6.44, '78': 6.45, '82': 6.33, '85': 6.33, '87': 6.33, '95': 6.38}, 'clearances': {'29': 1.0, '68': 1.0}, 'touches': {'10': 1.0, '12': 1.0, '17': 1.0, '21': 4.0, '22': 2.0, '28': 1.0, '29': 1.0, '36': 1.0, '44': 1.0, '46': 1.0, '53': 1.0, '55': 1.0, '56': 2.0, '67': 2.0, '68': 1.0, '78': 2.0, '85': 1.0, '87': 1.0, '95': 1.0}, 'passesTotal': {'56': 2.0, '78': 2.0, '85': 1.0, '87': 1.0, '28': 1.0, '53': 1.0, '67': 1.0}, 'passesAccurate': {'56': 2.0, '78': 1.0, '85': 1.0, '87': 1.0}, 'passSuccess': {'56': 100.0, '78': 50.0, '85': 100.0, '87': 100.0, '28': 0.0, '53': 0.0, '67': 0.0}, 'throwInsTotal': {'12': 1.0, '22': 1.0, '36': 1.0, '67': 1.0}, 'throwInsAccurate': {'22': 1.0}, 'tacklesTotal': {'21': 4.0}, 'tackleSuccessful': {'21': 4.0}, 'tackleSuccess': {'21': 100.0}}",,,,,,,9509
5,444766,5,Leonardo Lelo,DML,175,69,24,True,False,away,"{'possession': {'1': 1.0, '3': 1.0, '5': 1.0, '21': 1.0, '33': 1.0, '46': 1.0, '50': 1.0, '53': 1.0, '57': 1.0, '62': 1.0, '70': 1.0, '71': 1.0, '78': 1.0, '79': 1.0, '84': 1.0, '87': 2.0, '90': 1.0, '93': 1.0, '96': 1.0}, 'ratings': {'0': 6.0, '1': 5.99, '3': 5.97, '4': 6.14, '5': 6.16, '8': 6.21, '11': 6.2, '13': 6.28, '21': 6.27, '25': 6.32, '27': 6.42, '33': 6.42, '37': 6.39, '38': 6.27, '46': 6.27, '50': 6.28, '53': 6.36, '57': 6.5, '62': 6.51, '70': 6.51, '71': 6.5, '76': 6.48, '78': 6.48, '79': 6.52, '82': 6.4, '84': 6.37, '85': 6.31, '87': 6.27, '90': 6.27, '92': 6.32, '93': 6.33, '96': 6.32}, 'clearances': {'8': 1.0, '25': 1.0, '79': 1.0, '92': 1.0}, 'interceptions': {'27': 1.0}, 'touches': {'1': 1.0, '3': 1.0, '4': 2.0, '5': 1.0, '8': 1.0, '13': 1.0, '21': 1.0, '25': 1.0, '27': 1.0, '33': 1.0, '46': 1.0, '50': 1.0, '53': 3.0, '57': 2.0, '62': 1.0, '70': 2.0, '71': 1.0, '78': 1.0, '79': 2.0, '84': 1.0, '85': 1.0, '87': 3.0, '90': 1.0, '92': 1.0, '93': 1.0, '96': 1.0}, 'passesTotal': {'5': 1.0, '33': 1.0, '46': 1.0, '50': 1.0, '53': 1.0, '57': 1.0, '62': 1.0, '78': 1.0, '87': 1.0, '90': 1.0, '93': 1.0, '1': 1.0, '3': 1.0, '21': 1.0, '70': 1.0, '79': 1.0, '84': 1.0, '96': 1.0}, 'passesAccurate': {'5': 1.0, '33': 1.0, '46': 1.0, '50': 1.0, '53': 1.0, '57': 1.0, '62': 1.0, '78': 1.0, '87': 1.0, '90': 1.0, '93': 1.0}, 'passSuccess': {'5': 100.0, '33': 100.0, '46': 100.0, '50': 100.0, '53': 100.0, '57': 100.0, '62': 100.0, '78': 100.0, '87': 100.0, '90': 100.0, '93': 100.0, '1': 0.0, '3': 0.0, '21': 0.0, '70': 0.0, '79': 0.0, '84': 0.0, '96': 0.0}, 'aerialsTotal': {'11': 1.0, '76': 1.0}, 'defensiveAerials': {'11': 1.0, '76': 1.0}, 'cornersTotal': {'87': 1.0}, 'throwInsTotal': {'53': 1.0, '70': 1.0}, 'throwInsAccurate': {'70': 1.0}, 'foulsCommited': {'84': 1.0}, 'tacklesTotal': {'4': 1.0, '57': 1.0, '53': 1.0, '37': 1.0, '85': 1.0}, 'tackleSuccessful': {'4': 1.0, '57': 1.0, '53': 1.0}, 'tackleUnsuccesful': {'37': 1.0, '85': 1.0}, 'tackleSuccess': {'4': 100.0, '57': 100.0, '53': 100.0, '37': 0.0, '85': 0.0}, 'dribbledPast': {'37': 1.0, '85': 1.0}}",,,,,,,9509
6,439431,89,Andrian Kraev,MC,194,82,25,True,False,away,"{'possession': {'0': 1.0, '4': 1.0, '5': 1.0, '8': 1.0, '16': 1.0, '34': 1.0, '35': 1.0, '50': 2.0, '51': 1.0, '53': 1.0, '58': 1.0, '67': 1.0, '77': 1.0, '85': 2.0, '87': 3.0, '90': 1.0, '92': 1.0, '93': 1.0}, 'ratings': {'0': 5.99, '4': 5.98, '5': 5.98, '8': 6.32, '16': 6.31, '19': 6.28, '20': 6.21, '22': 6.18, '25': 6.24, '34': 6.24, '35': 6.41, '38': 6.28, '47': 6.26, '50': 6.26, '51': 6.26, '53': 6.26, '56': 6.23, '58': 6.23, '60': 6.2, '67': 6.21, '76': 6.26, '77': 6.25, '78': 6.23, '82': 6.1, '85': 6.22, '87': 6.31, '88': 6.29, '90': 6.29, '92': 6.3, '93': 6.3}, 'clearances': {'76': 1.0}, 'interceptions': {'8': 1.0, '85': 1.0}, 'touches': {'0': 1.0, '4': 1.0, '5': 1.0, '8': 3.0, '16': 1.0, '19': 1.0, '20': 1.0, '25': 1.0, '34': 1.0, '35': 2.0, '50': 2.0, '51': 1.0, '53': 1.0, '58': 1.0, '60': 1.0, '67': 1.0, '76': 1.0, '77': 1.0, '85': 3.0, '87': 3.0, '90': 1.0, '92': 1.0, '93': 1.0}, 'passesTotal': {'5': 1.0, '8': 1.0, '35': 1.0, '50': 2.0, '51': 1.0, '53': 1.0, '58': 1.0, '67': 1.0, '85': 2.0, '87': 3.0, '90': 1.0, '92': 1.0, '93': 1.0, '0': 1.0, '4': 1.0, '16': 1.0, '77': 1.0}, 'passesAccurate': {'5': 1.0, '8': 1.0, '35': 1.0, '50': 1.0, '51': 1.0, '53': 1.0, '58': 1.0, '67': 1.0, '85': 2.0, '87': 2.0, '90': 1.0, '92': 1.0, '93': 1.0}, 'passSuccess': {'5': 100.0, '8': 100.0, '35': 100.0, '50': 50.0, '51': 100.0, '53': 100.0, '58': 100.0, '67': 100.0, '85': 100.0, '87': 66.67, '90': 100.0, '92': 100.0, '93': 100.0, '0': 0.0, '4': 0.0, '16': 0.0, '77': 0.0}, 'aerialsTotal': {'87': 1.0, '88': 1.0}, 'aerialsWon': {'87': 1.0}, 'aerialSuccess': {'88': 0.0}, 'offensiveAerials': {'87': 1.0, '88': 1.0}, 'cornersTotal': {'34': 1.0}, 'foulsCommited': {'25': 1.0, '47': 1.0, '78': 1.0}, 'tacklesTotal': {'8': 1.0, '25': 1.0, '20': 1.0, '22': 1.0, '56': 1.0}, 'tackleSuccessful': {'8': 1.0, '25': 1.0}, 'tackleUnsuccesful': {'20': 1.0, '22': 1.0, '56': 1.0}, 'tackleSuccess': {'8': 100.0, '25': 100.0, '20': 0.0, '22': 0.0, '56': 0.0}, 'dribbledPast': {'20': 1.0, '22': 1.0, '56': 1.0}, 'dribblesWon': {'35': 1.0}, 'dribblesAttempted': {'35': 1.0}, 'dribbleSuccess': {'35': 100.0}}",,,,,,,9509
7,433586,17,Rafael Brito,MC,183,74,22,True,False,away,"{'possession': {'0': 1.0, '19': 1.0, '28': 1.0, '31': 1.0, '56': 1.0, '60': 1.0, '63': 1.0}, 'ratings': {'0': 6.0, '6': 6.08, '7': 6.13, '9': 6.25, '15': 6.35, '19': 6.44, '21': 6.52, '25': 6.6, '27': 6.64, '28': 6.64, '31': 6.63, '38': 6.49, '52': 6.53, '56': 6.52, '60': 6.52, '63': 6.52}, 'clearances': {'7': 1.0}, 'interceptions': {'15': 1.0}, 'touches': {'0': 1.0, '6': 1.0, '7': 1.0, '9': 1.0, '15': 1.0, '19': 1.0, '21': 1.0, '25': 1.0, '27': 1.0, '28': 1.0, '31': 1.0, '52': 1.0, '56': 1.0, '60': 1.0, '62': 1.0, '63': 1.0}, 'passesTotal': {'0': 1.0, '19': 1.0, '28': 1.0, '60': 1.0, '31': 1.0, '56': 1.0, '63': 1.0}, 'passesAccurate': {'0': 1.0, '19': 1.0, '28': 1.0, '60': 1.0}, 'passesKey': {'19': 1.0}, 'passSuccess': {'0': 100.0, '19': 100.0, '28': 100.0, '60': 100.0, '31': 0.0, '56': 0.0, '63': 0.0}, 'aerialsTotal': {'9': 1.0}, 'aerialsWon': {'9': 1.0}, 'offensiveAerials': {'9': 1.0}, 'tacklesTotal': {'6': 1.0}, 'tackleSuccessful': {'6': 1.0}, 'tackleSuccess': {'6': 100.0}}",430400.0,"{'value': 2, 'displayName': 'SecondHalf'}",65.0,,,,9509
8,381509,72,Gaizka Larrazabal,FWR,181,73,26,True,False,away,"{'possession': {'4': 1.0, '7': 1.0, '34': 1.0, '58': 1.0, '78': 2.0}, 'ratings': {'0': 6.0, '1': 5.97, '2': 6.02, '4': 6.02, '5': 6.11, '7': 6.09, '10': 6.08, '18': 6.19, '19': 6.18, '20': 6.22, '34': 6.39, '37': 6.43, '38': 6.34, '56': 6.38, '58': 6.35, '78': 6.35, '82': 6.26}, 'shotsTotal': {'1': 1.0}, 'shotsOffTarget': {'1': 1.0}, 'clearances': {'2': 1.0, '20': 1.0, '37': 1.0}, 'touches': {'1': 1.0, '2': 1.0, '3': 1.0, '4': 1.0, '5': 1.0, '7': 1.0, '11': 1.0, '18': 1.0, '20': 1.0, '34': 1.0, '37': 1.0, '56': 1.0, '58': 2.0, '78': 2.0}, 'passesTotal': {'4': 1.0, '78': 1.0, '7': 1.0, '58': 1.0}, 'passesAccurate': {'4': 1.0, '78': 1.0}, 'passesKey': {'34': 1.0}, 'passSuccess': {'4': 100.0, '78': 100.0, '7': 0.0, '58': 0.0}, 'aerialsTotal': {'18': 1.0, '58': 1.0}, 'aerialsWon': {'18': 1.0}, 'aerialSuccess': {'58': 0.0}, 'offensiveAerials': {'18': 1.0, '58': 1.0}, 'cornersAccurate': {'34': 1.0}, 'offsidesCaught': {'10': 1.0}, 'foulsCommited': {'19': 1.0, '37': 1.0}}",300490.0,"{'value': 2, 'displayName': 'SecondHalf'}",89.0,,,,9509
9,119543,90,Cassiano,FW,184,87,35,True,False,away,"{'possession': {'4': 1.0, '21': 1.0, '22': 1.0, '30': 1.0, '35': 1.0, '39': 1.0, '50': 1.0, '61': 1.0}, 'ratings': {'0': 6.0, '4': 6.0, '7': 6.22, '16': 6.34, '20': 6.3, '21': 6.3, '22': 6.3, '30': 6.37, '31': 6.36, '35': 6.35, '38': 6.28, '39': 6.29, '45': 6.27, '49': 6.25, '50': 6.26, '54': 6.28, '61': 6.27}, 'clearances': {'54': 1.0}, 'touches': {'4': 1.0, '7': 2.0, '16': 1.0, '21': 1.0, '22': 1.0, '30': 1.0, '35': 1.0, '39': 1.0, '49': 1.0, '50': 1.0, '54': 4.0, '61': 1.0}, 'passesTotal': {'4': 1.0, '21': 1.0, '39': 1.0, '50': 1.0, '22': 1.0, '30': 1.0, '35': 1.0, '61': 1.0}, 'passesAccurate': {'4': 1.0, '21': 1.0, '39': 1.0, '50': 1.0}, 'passSuccess': {'4': 100.0, '21': 100.0, '39': 100.0, '50': 100.0, '22': 0.0, '30': 0.0, '35': 0.0, '61': 0.0}, 'aerialsTotal': {'30': 1.0, '31': 1.0, '45': 1.0, '49': 1.0}, 'aerialsWon': {'30': 1.0}, 'aerialSuccess': {'31': 0.0, '45': 0.0, '49': 0.0}, 'offensiveAerials': {'30': 1.0, '31': 1.0, '49': 1.0}, 'defensiveAerials': {'45': 1.0}, 'offsidesCaught': {'16': 1.0}, 'tacklesTotal': {'7': 2.0, '16': 1.0, '20': 1.0}, 'tackleSuccessful': {'7': 2.0, '16': 1.0}, 'tackleUnsuccesful': {'20': 1.0}, 'tackleSuccess': {'7': 100.0, '16': 100.0, '20': 0.0}, 'dribbledPast': {'20': 1.0}}",417437.0,"{'value': 2, 'displayName': 'SecondHalf'}",65.0,,,,9509
10,444230,9,Max Svensson,FWL,182,75,22,True,False,away,"{'possession': {'1': 1.0, '25': 1.0, '27': 1.0, '39': 1.0, '40': 1.0, '50': 1.0, '51': 1.0, '53': 2.0, '62': 1.0}, 'ratings': {'0': 6.0, '1': 6.18, '3': 6.26, '5': 6.24, '12': 6.36, '13': 6.33, '16': 6.3, '19': 6.27, '25': 6.26, '27': 6.27, '29': 6.24, '33': 6.2, '38': 6.11, '39': 6.1, '40': 6.1, '45': 6.13, '50': 6.1, '51': 6.18, '53': 6.19, '54': 6.18, '57': 6.15, '62': 6.1, '67': 6.1, '69': 6.08}, 'shotsTotal': {'1': 1.0, '19': 1.0, '67': 1.0}, 'shotsOnTarget': {'1': 1.0, '67': 1.0}, 'shotsOffTarget': {'19': 1.0}, 'touches': {'1': 2.0, '3': 1.0, '12': 2.0, '13': 1.0, '16': 1.0, '19': 1.0, '25': 1.0, '27': 1.0, '29': 1.0, '33': 1.0, '39': 1.0, '40': 1.0, '45': 1.0, '50': 1.0, '51': 1.0, '53': 2.0, '54': 1.0, '57': 1.0, '62': 1.0, '67': 2.0}, 'passesTotal': {'1': 1.0, '27': 1.0, '50': 1.0, '53': 2.0, '25': 1.0, '39': 1.0, '40': 1.0, '51': 1.0, '62': 1.0}, 'passesAccurate': {'1': 1.0, '27': 1.0, '50': 1.0, '53': 2.0}, 'passSuccess': {'1': 100.0, '27': 100.0, '50': 100.0, '53': 100.0, '25': 0.0, '39': 0.0, '40': 0.0, '51': 0.0, '62': 0.0}, 'aerialsTotal': {'51': 1.0, '33': 1.0, '69': 1.0}, 'aerialsWon': {'51': 1.0}, 'aerialSuccess': {'33': 0.0, '69': 0.0}, 'offensiveAerials': {'33': 1.0, '69': 1.0}, 'defensiveAerials': {'51': 1.0}, 'foulsCommited': {'5': 1.0}, 'tacklesTotal': {'12': 1.0, '3': 1.0, '50': 1.0, '62': 1.0}, 'tackleSuccessful': {'12': 1.0, '3': 1.0}, 'tackleUnsuccesful': {'50': 1.0, '62': 1.0}, 'tackleSuccess': {'12': 100.0, '3': 100.0, '50': 0.0, '62': 0.0}, 'dribbledPast': {'50': 1.0, '62': 1.0}, 'dribblesAttempted': {'12': 1.0, '54': 1.0}, 'dribblesLost': {'12': 1.0, '54': 1.0}, 'dispossessed': {'13': 1.0, '16': 1.0}}",421851.0,"{'value': 2, 'displayName': 'SecondHalf'}",74.0,,,,9509
11,300490,29,Jérémy Livolant,Sub,175,70,26,,False,away,"{'possession': {'91': 1.0, '92': 1.0}, 'ratings': {'89': 6.0, '91': 5.99, '92': 5.98}, 'touches': {'91': 1.0, '92': 2.0}, 'passesTotal': {'92': 1.0}}",,,,"{'value': 2, 'displayName': 'SecondHalf'}",89.0,381509.0,9509
12,421851,7,Nuno Moreira,Sub,175,65,25,,False,away,"{'possession': {'78': 1.0, '85': 1.0, '87': 2.0, '88': 1.0, '90': 2.0, '92': 1.0}, 'ratings': {'74': 6.0, '78': 5.99, '82': 5.89, '83': 5.86, '84': 5.83, '85': 5.83, '87': 5.84, '88': 5.83, '90': 5.83, '92': 5.88}, 'touches': {'78': 1.0, '83': 1.0, '84': 1.0, '85': 1.0, '87': 2.0, '88': 1.0, '90': 2.0, '92': 2.0}, 'passesTotal': {'85': 1.0, '87': 2.0, '90': 2.0, '92': 1.0, '78': 1.0}, 'passesAccurate': {'85': 1.0, '87': 2.0, '90': 2.0, '92': 1.0}, 'passSuccess': {'85': 100.0, '87': 100.0, '90': 100.0, '92': 100.0, '78': 0.0}}",,,,"{'value': 2, 'displayName': 'SecondHalf'}",74.0,444230.0,9509
13,430400,14,Miguel Sousa,Sub,176,69,26,,False,away,"{'possession': {'73': 1.0, '83': 1.0, '87': 4.0, '88': 1.0, '90': 5.0, '93': 1.0}, 'ratings': {'65': 5.98, '73': 5.98, '77': 5.95, '82': 5.85, '83': 5.85, '84': 5.87, '87': 5.88, '88': 5.87, '90': 5.88, '93': 5.87}, 'touches': {'73': 1.0, '77': 1.0, '79': 1.0, '83': 1.0, '84': 2.0, '87': 4.0, '88': 1.0, '90': 5.0, '93': 1.0}, 'passesTotal': {'83': 1.0, '87': 4.0, '90': 5.0, '73': 1.0, '88': 1.0, '93': 1.0}, 'passesAccurate': {'83': 1.0, '87': 4.0, '90': 5.0}, 'passSuccess': {'83': 100.0, '87': 100.0, '90': 100.0, '73': 0.0, '88': 0.0, '93': 0.0}, 'foulsCommited': {'65': 1.0}, 'dribblesAttempted': {'84': 1.0}, 'dribblesLost': {'84': 1.0}}",,,,"{'value': 2, 'displayName': 'SecondHalf'}",65.0,433586.0,9509
14,417437,80,Pablo Roberto,Sub,183,75,24,,False,away,"{'possession': {'70': 1.0, '83': 1.0, '88': 2.0, '90': 1.0, '91': 1.0, '94': 1.0, '96': 1.0}, 'ratings': {'65': 6.0, '70': 6.33, '82': 6.23, '83': 6.23, '85': 6.2, '88': 6.17, '90': 6.18, '91': 6.19, '94': 6.35, '96': 6.36}, 'shotsTotal': {'70': 1.0}, 'shotsOnTarget': {'70': 1.0}, 'touches': {'70': 3.0, '83': 1.0, '85': 1.0, '87': 1.0, '88': 2.0, '90': 1.0, '91': 1.0, '94': 2.0, '96': 1.0}, 'passesTotal': {'83': 1.0, '88': 2.0, '90': 1.0, '91': 1.0, '96': 1.0, '70': 1.0, '94': 1.0}, 'passesAccurate': {'83': 1.0, '88': 1.0, '90': 1.0, '91': 1.0, '96': 1.0}, 'passSuccess': {'83': 100.0, '88': 50.0, '90': 100.0, '91': 100.0, '96': 100.0, '70': 0.0, '94': 0.0}, 'cornersTotal': {'70': 1.0}, 'foulsCommited': {'88': 1.0}, 'dribblesWon': {'70': 1.0, '94': 1.0}, 'dribblesAttempted': {'70': 1.0, '94': 1.0}, 'dribbleSuccess': {'70': 100.0, '94': 100.0}}",,,,"{'value': 2, 'displayName': 'SecondHalf'}",65.0,119543.0,9509
15,515494,12,Fahem Benaissa-Yahia,Sub,188,80,22,,False,away,"{'possession': {'90': 1.0, '96': 1.0}, 'ratings': {'89': 6.0, '90': 6.0, '96': 5.99}, 'touches': {'90': 1.0, '96': 1.0}, 'passesTotal': {'90': 1.0, '96': 1.0}, 'passesAccurate': {'90': 1.0}, 'passSuccess': {'90': 100.0, '96': 0.0}}",,,,"{'value': 2, 'displayName': 'SecondHalf'}",89.0,105686.0,9509
16,444770,44,Isaac,Sub,193,86,20,,False,away,{},,,,,,,9509
17,514699,22,Daniel Azevedo,Sub,195,90,26,,False,away,{},,,,,,,9509
18,401040,10,Raúl Blanco,Sub,173,65,23,,False,away,{},,,,,,,9509
19,445903,8,Telasco Segovia,Sub,179,65,21,,False,away,{},,,,,,,9509
