player,team_x,url_x,pass_metric,id_x,headshot_url,team_y,url_y,carry_metric,id_y
Tomáš Suslov,HE,/en/players/83fe71b8/Tomas-Suslov,3.3,83fe71b8,https://fbref.com/req/202302030/images/headshots/83fe71b8_2022.jpg,HE,/en/players/83fe71b8/Tomas-Suslov,0.33,83fe71b8
Gaetano Oristanio,VE,/en/players/5cfc74fc/Gaetano-Oristanio,2.96,5cfc74fc,https://fbref.com/req/202302030/images/headshots/5cfc74fc_2022.jpg,VE,/en/players/5cfc74fc/Gaetano-Oristanio,1.9,5cfc74fc
Drissa Camara,PA,/en/players/543d9d2b/Drissa-Camara,2.38,543d9d2b,https://fbref.com/req/202302030/images/headshots/543d9d2b_2022.jpg,PA,/en/players/543d9d2b/Drissa-Camara,1.14,543d9d2b
Ante Rebić,LE,/en/players/536cebe5/Ante-Rebic,2.23,536cebe5,https://fbref.com/req/202302030/images/headshots/536cebe5_2022.jpg,LE,/en/players/536cebe5/Ante-Rebic,0.63,536cebe5
Morten Thorsby,GE,/en/players/d1b49282/Morten-Thorsby,2.17,d1b49282,https://fbref.com/req/202302030/images/headshots/d1b49282_2022.jpg,GE,/en/players/d1b49282/Morten-Thorsby,0.78,d1b49282
Tete Morente,LE,/en/players/004d185e/Tete-Morente,2.13,004d185e,https://fbref.com/req/202302030/images/headshots/004d185e_2022.jpg,LE,/en/players/004d185e/Tete-Morente,0.68,004d185e
Valentín Castellanos,LA,/en/players/da76bab4/Valentin-Castellanos,2.12,da76bab4,https://fbref.com/req/202302030/images/headshots/da76bab4_2022.jpg,LA,/en/players/da76bab4/Valentin-Castellanos,0.41,da76bab4
Sebastiano Esposito,EM,/en/players/7ff93107/Sebastiano-Esposito,2.07,7ff93107,https://fbref.com/req/202302030/images/headshots/7ff93107_2022.jpg,EM,/en/players/7ff93107/Sebastiano-Esposito,0.13,7ff93107
Nicolas Viola,CA,/en/players/45392b06/Nicolas-Viola,2.07,45392b06,https://fbref.com/req/202302030/images/headshots/45392b06_2022.jpg,CA,/en/players/45392b06/Nicolas-Viola,0.35,45392b06
Tijjani Reijnders,MI,/en/players/afb61630/Tijjani-Reijnders,2.06,afb61630,https://fbref.com/req/202302030/images/headshots/afb61630_2022.jpg,MI,/en/players/afb61630/Tijjani-Reijnders,1.13,afb61630
Charles De Ketelaere,AT,/en/players/2ef7c612/Charles-De-Ketelaere,2.03,2ef7c612,https://fbref.com/req/202302030/images/headshots/2ef7c612_2022.jpg,AT,/en/players/2ef7c612/Charles-De-Ketelaere,1.69,2ef7c612
Youssef Maleh,EM,/en/players/4c8845f7/Youssef-Maleh,2.01,4c8845f7,https://fbref.com/req/202302030/images/headshots/4c8845f7_2022.jpg,EM,/en/players/4c8845f7/Youssef-Maleh,-0.55,4c8845f7
Riccardo Orsolini,BO,/en/players/e14ec482/Riccardo-Orsolini,1.95,e14ec482,https://fbref.com/req/202302030/images/headshots/e14ec482_2022.jpg,BO,/en/players/e14ec482/Riccardo-Orsolini,1.33,e14ec482
Nicolás Paz,CO,/en/players/01bb93d5/Nicolas-Paz,1.93,01bb93d5,https://fbref.com/req/202302030/images/headshots/01bb93d5_2022.jpg,CO,/en/players/01bb93d5/Nicolas-Paz,0.58,01bb93d5
Hernani,PA,/en/players/6f5ead86/Hernani,1.91,6f5ead86,https://fbref.com/req/202302030/images/headshots/6f5ead86_2022.jpg,PA,/en/players/6f5ead86/Hernani,0.39,6f5ead86
Florian Thauvin,UD,/en/players/2b9fdeea/Florian-Thauvin,1.9,2b9fdeea,https://fbref.com/req/202302030/images/headshots/2b9fdeea_2022.jpg,UD,/en/players/2b9fdeea/Florian-Thauvin,1.97,2b9fdeea
Kacper Urbanski,MO,/en/players/2d9d9e42/Kacper-Urbanski,1.89,2d9d9e42,https://fbref.com/req/202302030/images/headshots/2d9d9e42_2022.jpg,BO,/en/players/2d9d9e42/Kacper-Urbanski,-0.19,2d9d9e42
Kacper Urbanski,MO,/en/players/2d9d9e42/Kacper-Urbanski,1.89,2d9d9e42,https://fbref.com/req/202302030/images/headshots/2d9d9e42_2022.jpg,MO,/en/players/2d9d9e42/Kacper-Urbanski,-0.45,2d9d9e42
Mattéo Guendouzi,LA,/en/players/5ea8ef20/Matteo-Guendouzi,1.84,5ea8ef20,https://fbref.com/req/202302030/images/headshots/5ea8ef20_2022.jpg,LA,/en/players/5ea8ef20/Matteo-Guendouzi,0.18,5ea8ef20
Zito Luvumbo,CA,/en/players/b09e0873/Zito-Luvumbo,1.75,b09e0873,https://fbref.com/req/202302030/images/headshots/b09e0873_2022.jpg,CA,/en/players/b09e0873/Zito-Luvumbo,3.4,b09e0873
Matteo Politano,NA,/en/players/5e861944/Matteo-Politano,1.73,5e861944,https://fbref.com/req/202302030/images/headshots/5e861944_2022.jpg,NA,/en/players/5e861944/Matteo-Politano,1.78,5e861944
Luca Mazzitelli,CO,/en/players/dc61b402/Luca-Mazzitelli,1.7,dc61b402,https://fbref.com/req/202302030/images/headshots/dc61b402_2022.jpg,CO,/en/players/dc61b402/Luca-Mazzitelli,-0.88,dc61b402
Gianluca Gaetano,CA,/en/players/3b387cc7/Gianluca-Gaetano,1.64,3b387cc7,https://fbref.com/req/202302030/images/headshots/3b387cc7_2022.jpg,CA,/en/players/3b387cc7/Gianluca-Gaetano,-0.35,3b387cc7
Khvicha Kvaratskhelia,NA,/en/players/dea88efd/Khvicha-Kvaratskhelia,1.63,dea88efd,https://fbref.com/req/202302030/images/headshots/dea88efd_2022.jpg,NA,/en/players/dea88efd/Khvicha-Kvaratskhelia,3.08,dea88efd
Sandi Lovrić,UD,/en/players/966eea58/Sandi-Lovric,1.62,966eea58,https://fbref.com/req/202302030/images/headshots/966eea58_2022.jpg,UD,/en/players/966eea58/Sandi-Lovric,0.82,966eea58
Alessio Zerbin,VE,/en/players/d19ef4ef/Alessio-Zerbin,1.61,d19ef4ef,https://fbref.com/req/202302030/images/headshots/d19ef4ef_2022.jpg,VE,/en/players/d19ef4ef/Alessio-Zerbin,2.11,d19ef4ef
Faustino Anjorin,EM,/en/players/b105919e/Faustino-Anjorin,1.6,b105919e,https://fbref.com/req/202302030/images/headshots/b105919e_2022.jpg,EM,/en/players/b105919e/Faustino-Anjorin,0.92,b105919e
Lazar Samardzic,AT,/en/players/217c93a1/Lazar-Samardzic,1.49,217c93a1,https://fbref.com/req/202302030/images/headshots/217c93a1_2022.jpg,AT,/en/players/217c93a1/Lazar-Samardzic,0.82,217c93a1
Nicolò Barella,IN,/en/players/6928979a/Nicolo-Barella,1.48,6928979a,https://fbref.com/req/202302030/images/headshots/6928979a_2022.jpg,IN,/en/players/6928979a/Nicolo-Barella,-0.22,6928979a
Andrea Colpani,FI,/en/players/6499048c/Andrea-Colpani,1.47,6499048c,https://fbref.com/req/202302030/images/headshots/6499048c_2022.jpg,FI,/en/players/6499048c/Andrea-Colpani,0.97,6499048c
Nikola Vlašić,TO,/en/players/aa8e289e/Nikola-Vlasic,1.45,aa8e289e,https://fbref.com/req/202302030/images/headshots/aa8e289e_2022.jpg,TO,/en/players/aa8e289e/Nikola-Vlasic,0.94,aa8e289e
Milan Đurić,MO,/en/players/405f6586/Milan-Djuric,1.37,405f6586,https://fbref.com/req/202302030/images/headshots/405f6586_2022.jpg,PA,/en/players/405f6586/Milan-Djuric,-0.58,405f6586
Milan Đurić,MO,/en/players/405f6586/Milan-Djuric,1.37,405f6586,https://fbref.com/req/202302030/images/headshots/405f6586_2022.jpg,MO,/en/players/405f6586/Milan-Djuric,-0.95,405f6586
Grigoris Kastanos,HE,/en/players/2a82aa85/Grigoris-Kastanos,1.35,2a82aa85,https://fbref.com/req/202302030/images/headshots/2a82aa85_2022.jpg,HE,/en/players/2a82aa85/Grigoris-Kastanos,-0.4,2a82aa85
Mehdi Taremi,IN,/en/players/4c2a5d34/Mehdi-Taremi,1.34,4c2a5d34,https://fbref.com/req/202302030/images/headshots/4c2a5d34_2022.jpg,IN,/en/players/4c2a5d34/Mehdi-Taremi,0.05,4c2a5d34
Henrikh Mkhitaryan,IN,/en/players/dd0daf32/Henrikh-Mkhitaryan,1.34,dd0daf32,https://fbref.com/req/202302030/images/headshots/dd0daf32_2022.jpg,IN,/en/players/dd0daf32/Henrikh-Mkhitaryan,0.23,dd0daf32
Yacine Adli,FI,/en/players/26777636/Yacine-Adli,1.33,26777636,https://fbref.com/req/202302030/images/headshots/26777636_2022.jpg,FI,/en/players/26777636/Yacine-Adli,-0.41,26777636
Youssouf Fofana,MI,/en/players/822d51d7/Youssouf-Fofana,1.33,822d51d7,https://fbref.com/req/202302030/images/headshots/822d51d7_2022.jpg,MI,/en/players/822d51d7/Youssouf-Fofana,-0.35,822d51d7
Yunus Musah,MI,/en/players/b51b1b9c/Yunus-Musah,1.31,b51b1b9c,https://fbref.com/req/202302030/images/headshots/b51b1b9c_2022.jpg,MI,/en/players/b51b1b9c/Yunus-Musah,0.83,b51b1b9c
Rafael Leão,MI,/en/players/20730eae/Rafael-Leao,1.3,20730eae,https://fbref.com/req/202302030/images/headshots/20730eae_2022.jpg,MI,/en/players/20730eae/Rafael-Leao,2.38,20730eae
Giacomo Raspadori,NA,/en/players/6e058f06/Giacomo-Raspadori,1.28,6e058f06,https://fbref.com/req/202302030/images/headshots/6e058f06_2022.jpg,NA,/en/players/6e058f06/Giacomo-Raspadori,-0.05,6e058f06
Nikola Moro,BO,/en/players/ff579c7e/Nikola-Moro,1.26,ff579c7e,https://fbref.com/req/202302030/images/headshots/ff579c7e_2022.jpg,BO,/en/players/ff579c7e/Nikola-Moro,-0.44,ff579c7e
Þórir Jóhann Helgason,LE,/en/players/dc765618/Thorir-Johann-Helgason,1.25,dc765618,https://fbref.com/req/202302030/images/headshots/dc765618_2022.jpg,LE,/en/players/dc765618/Thorir-Johann-Helgason,1.07,dc765618
Lautaro Martínez,IN,/en/players/f7036e1c/Lautaro-Martinez,1.25,f7036e1c,https://fbref.com/req/202302030/images/headshots/f7036e1c_2022.jpg,IN,/en/players/f7036e1c/Lautaro-Martinez,0.1,f7036e1c
Gianluca Caprari,MO,/en/players/54e53b7e/Gianluca-Caprari,1.22,54e53b7e,https://fbref.com/req/202302030/images/headshots/54e53b7e_2022.jpg,MO,/en/players/54e53b7e/Gianluca-Caprari,0.37,54e53b7e
Ruben Loftus-Cheek,MI,/en/players/e97fd090/Ruben-Loftus-Cheek,1.22,e97fd090,https://fbref.com/req/202302030/images/headshots/e97fd090_2022.jpg,MI,/en/players/e97fd090/Ruben-Loftus-Cheek,0.93,e97fd090
Răzvan Marin,CA,/en/players/7fac99d4/Razvan-Marin,1.21,7fac99d4,https://fbref.com/req/202302030/images/headshots/7fac99d4_2022.jpg,CA,/en/players/7fac99d4/Razvan-Marin,-0.11,7fac99d4
Suat Serdar,HE,/en/players/b3325a30/Suat-Serdar,1.2,b3325a30,https://fbref.com/req/202302030/images/headshots/b3325a30_2022.jpg,HE,/en/players/b3325a30/Suat-Serdar,-0.03,b3325a30
Marcus Thuram,IN,/en/players/6f8cd6d0/Marcus-Thuram,1.18,6f8cd6d0,https://fbref.com/req/202302030/images/headshots/6f8cd6d0_2022.jpg,IN,/en/players/6f8cd6d0/Marcus-Thuram,1.87,6f8cd6d0
Martín Payero,UD,/en/players/bdbff2b5/Martin-Payero,1.18,bdbff2b5,https://fbref.com/req/202302030/images/headshots/bdbff2b5_2022.jpg,UD,/en/players/bdbff2b5/Martin-Payero,0.69,bdbff2b5
Gianluca Busio,VE,/en/players/4a0b7f07/Gianluca-Busio,1.18,4a0b7f07,https://fbref.com/req/202302030/images/headshots/4a0b7f07_2022.jpg,VE,/en/players/4a0b7f07/Gianluca-Busio,0.66,4a0b7f07
Liam Henderson,EM,/en/players/d7918b13/Liam-Henderson,1.18,d7918b13,https://fbref.com/req/202302030/images/headshots/d7918b13_2022.jpg,EM,/en/players/d7918b13/Liam-Henderson,-0.54,d7918b13
Jacopo Fazzini,EM,/en/players/06b08c45/Jacopo-Fazzini,1.18,06b08c45,https://fbref.com/req/202302030/images/headshots/06b08c45_2022.jpg,EM,/en/players/06b08c45/Jacopo-Fazzini,0.66,06b08c45
Adam Obert,CA,/en/players/aa25ce92/Adam-Obert,1.17,aa25ce92,https://fbref.com/req/202302030/images/headshots/aa25ce92_2022.jpg,CA,/en/players/aa25ce92/Adam-Obert,0.05,aa25ce92
Lucas Beltrán,FI,/en/players/482d2bc3/Lucas-Beltran,1.17,482d2bc3,https://fbref.com/req/202302030/images/headshots/482d2bc3_2022.jpg,FI,/en/players/482d2bc3/Lucas-Beltran,-0.11,482d2bc3
Mattia Zaccagni,LA,/en/players/d85c238b/Mattia-Zaccagni,1.15,d85c238b,https://fbref.com/req/202302030/images/headshots/d85c238b_2022.jpg,LA,/en/players/d85c238b/Mattia-Zaccagni,1.28,d85c238b
Luca Pellegrini,LA,/en/players/3b61c9ec/Luca-Pellegrini,1.14,3b61c9ec,https://fbref.com/req/202302030/images/headshots/3b61c9ec_2022.jpg,LA,/en/players/3b61c9ec/Luca-Pellegrini,0.15,3b61c9ec
Nikola Krstović,LE,/en/players/473803c9/Nikola-Krstovic,1.11,473803c9,https://fbref.com/req/202302030/images/headshots/473803c9_2022.jpg,LE,/en/players/473803c9/Nikola-Krstovic,0.4,473803c9
Casper Tengstedt,HE,/en/players/ff2fb007/Casper-Tengstedt,1.11,ff2fb007,https://fbref.com/req/202302030/images/headshots/ff2fb007_2022.jpg,HE,/en/players/ff2fb007/Casper-Tengstedt,1.76,ff2fb007
Sebastian Walukiewicz,EM,/en/players/217875a4/Sebastian-Walukiewicz,1.11,217875a4,https://fbref.com/req/202302030/images/headshots/217875a4_2022.jpg,EM,/en/players/217875a4/Sebastian-Walukiewicz,0.12,217875a4
Sebastian Walukiewicz,EM,/en/players/217875a4/Sebastian-Walukiewicz,1.11,217875a4,https://fbref.com/req/202302030/images/headshots/217875a4_2022.jpg,TO,/en/players/217875a4/Sebastian-Walukiewicz,-0.1,217875a4
Christian Pulisic,MI,/en/players/1bf33a9a/Christian-Pulisic,1.09,1bf33a9a,https://fbref.com/req/202302030/images/headshots/1bf33a9a_2022.jpg,MI,/en/players/1bf33a9a/Christian-Pulisic,2.06,1bf33a9a
Fabio Miretti,GE,/en/players/34693494/Fabio-Miretti,1.07,34693494,https://fbref.com/req/202302030/images/headshots/34693494_2022.jpg,GE,/en/players/34693494/Fabio-Miretti,0.47,34693494
Dan Ndoye,BO,/en/players/8e697a8f/Dan-Ndoye,1.07,8e697a8f,https://fbref.com/req/202302030/images/headshots/8e697a8f_2022.jpg,BO,/en/players/8e697a8f/Dan-Ndoye,3.03,8e697a8f
Yann Karamoh,TO,/en/players/8b66d9cc/Yann-Karamoh,1.06,8b66d9cc,https://fbref.com/req/202302030/images/headshots/8b66d9cc_2022.jpg,TO,/en/players/8b66d9cc/Yann-Karamoh,1.56,8b66d9cc
Adrian Bernabe,PA,/en/players/548672b4/Adrian-Bernabe,1.04,548672b4,https://fbref.com/req/202302030/images/headshots/548672b4_2022.jpg,PA,/en/players/548672b4/Adrian-Bernabe,-0.12,548672b4
Pedro,LA,/en/players/3ca7254a/Pedro,1.04,3ca7254a,https://fbref.com/req/202302030/images/headshots/3ca7254a_2022.jpg,LA,/en/players/3ca7254a/Pedro,0.79,3ca7254a
Scott McTominay,NA,/en/players/d93c2511/Scott-McTominay,1.04,d93c2511,https://fbref.com/req/202302030/images/headshots/d93c2511_2022.jpg,NA,/en/players/d93c2511/Scott-McTominay,0.34,d93c2511
Antonino Gallo,LE,/en/players/c74d63ac/Antonino-Gallo,1.03,c74d63ac,https://fbref.com/req/202302030/images/headshots/c74d63ac_2022.jpg,LE,/en/players/c74d63ac/Antonino-Gallo,1.22,c74d63ac
Fabiano Parisi,FI,/en/players/0967845b/Fabiano-Parisi,1.03,0967845b,https://fbref.com/req/202302030/images/headshots/0967845b_2022.jpg,FI,/en/players/0967845b/Fabiano-Parisi,0.2,0967845b
Manuel Locatelli,JU,/en/players/a8a874f1/Manuel-Locatelli,1.0,a8a874f1,https://fbref.com/req/202302030/images/headshots/a8a874f1_2022.jpg,JU,/en/players/a8a874f1/Manuel-Locatelli,-0.93,a8a874f1
Paulo Dybala,RO,/en/players/e0921a4f/Paulo-Dybala,0.99,e0921a4f,https://fbref.com/req/202302030/images/headshots/e0921a4f_2022.jpg,RO,/en/players/e0921a4f/Paulo-Dybala,0.3,e0921a4f
Milan Đurić,PA,/en/players/405f6586/Milan-Djuric,0.97,405f6586,https://fbref.com/req/202302030/images/headshots/405f6586_2022.jpg,PA,/en/players/405f6586/Milan-Djuric,-0.58,405f6586
Milan Đurić,PA,/en/players/405f6586/Milan-Djuric,0.97,405f6586,https://fbref.com/req/202302030/images/headshots/405f6586_2022.jpg,MO,/en/players/405f6586/Milan-Djuric,-0.95,405f6586
Michael Folorunsho,FI,/en/players/c391a179/Michael-Folorunsho,0.97,c391a179,https://fbref.com/req/202302030/images/headshots/c391a179_2022.jpg,FI,/en/players/c391a179/Michael-Folorunsho,0.07,c391a179
Michael Folorunsho,FI,/en/players/c391a179/Michael-Folorunsho,0.97,c391a179,https://fbref.com/req/202302030/images/headshots/c391a179_2022.jpg,NA,/en/players/c391a179/Michael-Folorunsho,-0.18,c391a179
Joel Pohjanpalo,VE,/en/players/ea003d07/Joel-Pohjanpalo,0.96,ea003d07,https://fbref.com/req/202302030/images/headshots/ea003d07_2022.jpg,VE,/en/players/ea003d07/Joel-Pohjanpalo,-0.48,ea003d07
Albert Guðmundsson,FI,/en/players/b79858d5/Albert-Gudmundsson,0.94,b79858d5,https://fbref.com/req/202302030/images/headshots/b79858d5_2022.jpg,FI,/en/players/b79858d5/Albert-Gudmundsson,1.08,b79858d5
Kacper Urbanski,BO,/en/players/2d9d9e42/Kacper-Urbanski,0.92,2d9d9e42,https://fbref.com/req/202302030/images/headshots/2d9d9e42_2022.jpg,BO,/en/players/2d9d9e42/Kacper-Urbanski,-0.19,2d9d9e42
Kacper Urbanski,BO,/en/players/2d9d9e42/Kacper-Urbanski,0.92,2d9d9e42,https://fbref.com/req/202302030/images/headshots/2d9d9e42_2022.jpg,MO,/en/players/2d9d9e42/Kacper-Urbanski,-0.45,2d9d9e42
Hans Nicolussi Caviglia,VE,/en/players/b136c945/Hans-Nicolussi-Caviglia,0.92,b136c945,https://fbref.com/req/202302030/images/headshots/b136c945_2022.jpg,VE,/en/players/b136c945/Hans-Nicolussi-Caviglia,-0.72,b136c945
Gabriel Strefezza,CO,/en/players/ac4a4508/Gabriel-Strefezza,0.91,ac4a4508,https://fbref.com/req/202302030/images/headshots/ac4a4508_2022.jpg,CO,/en/players/ac4a4508/Gabriel-Strefezza,0.23,ac4a4508
Ange-Yoan Bonny,PA,/en/players/64629ba4/Ange-Yoan-Bonny,0.91,64629ba4,https://fbref.com/req/202302030/images/headshots/64629ba4_2022.jpg,PA,/en/players/64629ba4/Ange-Yoan-Bonny,0.6,64629ba4
Marco Sala,CO,/en/players/0c57be8b/Marco-Sala,0.89,0c57be8b,https://fbref.com/req/202302030/images/headshots/0c57be8b_2022.jpg,CO,/en/players/0c57be8b/Marco-Sala,0.68,0c57be8b
Keinan Davis,UD,/en/players/9deaf2c8/Keinan-Davis,0.89,9deaf2c8,https://fbref.com/req/202302030/images/headshots/9deaf2c8_2022.jpg,UD,/en/players/9deaf2c8/Keinan-Davis,0.96,9deaf2c8
Bryan Cristante,RO,/en/players/16657b95/Bryan-Cristante,0.87,16657b95,https://fbref.com/req/202302030/images/headshots/16657b95_2022.jpg,RO,/en/players/16657b95/Bryan-Cristante,-0.65,16657b95
Tiago Palacios,IN,/en/players/404101f9/Tiago-Palacios,0.87,404101f9,https://fbref.com/req/202302030/images/headshots/404101f9_2022.jpg,IN,/en/players/404101f9/Tiago-Palacios,-0.43,404101f9
Tiago Palacios,IN,/en/players/404101f9/Tiago-Palacios,0.87,404101f9,https://fbref.com/req/202302030/images/headshots/404101f9_2022.jpg,MO,/en/players/404101f9/Tiago-Palacios,-0.99,404101f9
Issa Doumbia,VE,/en/players/b74fc282/Issa-Doumbia,0.86,b74fc282,https://fbref.com/req/202302030/images/headshots/b74fc282_2022.jpg,VE,/en/players/b74fc282/Issa-Doumbia,0.23,b74fc282
Tammy Abraham,MI,/en/players/f586779e/Tammy-Abraham,0.85,f586779e,https://fbref.com/req/202302030/images/headshots/f586779e_2022.jpg,RO,/en/players/f586779e/Tammy-Abraham,-0.05,f586779e
Tammy Abraham,MI,/en/players/f586779e/Tammy-Abraham,0.85,f586779e,https://fbref.com/req/202302030/images/headshots/f586779e_2022.jpg,MI,/en/players/f586779e/Tammy-Abraham,-0.21,f586779e
Milan Badelj,GE,/en/players/e8c930bb/Milan-Badelj,0.84,e8c930bb,https://fbref.com/req/202302030/images/headshots/e8c930bb_2022.jpg,GE,/en/players/e8c930bb/Milan-Badelj,-0.99,e8c930bb
Edoardo Bove,FI,/en/players/ae94a6c5/Edoardo-Bove,0.84,ae94a6c5,https://fbref.com/req/202302030/images/headshots/ae94a6c5_2022.jpg,FI,/en/players/ae94a6c5/Edoardo-Bove,-0.21,ae94a6c5
Nuno Tavares,LA,/en/players/a65c844b/Nuno-Tavares,0.84,a65c844b,https://fbref.com/req/202302030/images/headshots/a65c844b_2022.jpg,LA,/en/players/a65c844b/Nuno-Tavares,1.86,a65c844b
Niccolò Pisilli,RO,/en/players/c84dcc88/Niccolo-Pisilli,0.82,c84dcc88,https://fbref.com/req/202302030/images/headshots/c84dcc88_2022.jpg,RO,/en/players/c84dcc88/Niccolo-Pisilli,-0.04,c84dcc88
Daniel Maldini,MO,/en/players/801831fe/Daniel-Maldini,0.81,801831fe,https://fbref.com/req/202302030/images/headshots/801831fe_2022.jpg,MO,/en/players/801831fe/Daniel-Maldini,1.2,801831fe
Medon Berisha,LE,/en/players/9d376bef/Medon-Berisha,0.8,9d376bef,https://fbref.com/req/202302030/images/headshots/9d376bef_2022.jpg,LE,/en/players/9d376bef/Medon-Berisha,-0.2,9d376bef
Moise Kean,FI,/en/players/3d50bcdb/Moise-Kean,0.79,3d50bcdb,https://fbref.com/req/202302030/images/headshots/3d50bcdb_2022.jpg,FI,/en/players/3d50bcdb/Moise-Kean,0.75,3d50bcdb
Simon Sohm,PA,/en/players/a5f458d9/Simon-Sohm,0.78,a5f458d9,https://fbref.com/req/202302030/images/headshots/a5f458d9_2022.jpg,PA,/en/players/a5f458d9/Simon-Sohm,0.72,a5f458d9
Abdou Harroui,HE,/en/players/65fd099c/Abdou-Harroui,0.78,65fd099c,https://fbref.com/req/202302030/images/headshots/65fd099c_2022.jpg,HE,/en/players/65fd099c/Abdou-Harroui,1.69,65fd099c
John Yeboah,VE,/en/players/8dfdc6c3/John-Yeboah,0.76,8dfdc6c3,https://fbref.com/req/202302030/images/headshots/8dfdc6c3_2022.jpg,VE,/en/players/8dfdc6c3/John-Yeboah,1.11,8dfdc6c3
Remo Freuler,BO,/en/players/98d2c2c4/Remo-Freuler,0.75,98d2c2c4,https://fbref.com/req/202302030/images/headshots/98d2c2c4_2022.jpg,BO,/en/players/98d2c2c4/Remo-Freuler,-0.59,98d2c2c4
Álvaro Morata,MI,/en/players/129af0db/Alvaro-Morata,0.75,129af0db,https://fbref.com/req/202302030/images/headshots/129af0db_2022.jpg,MI,/en/players/129af0db/Alvaro-Morata,0.63,129af0db
Daniel Bandeira,HE,/en/players/56fca564/Daniel-Bandeira,0.75,56fca564,https://fbref.com/req/202302030/images/headshots/56fca564_2022.jpg,HE,/en/players/56fca564/Daniel-Bandeira,-1.09,56fca564
Kyle Walker,MI,/en/players/86dd77d1/Kyle-Walker,0.74,86dd77d1,https://fbref.com/req/202302030/images/headshots/86dd77d1_2022.jpg,MI,/en/players/86dd77d1/Kyle-Walker,-0.3,86dd77d1
Giovanni Di Lorenzo,NA,/en/players/230a2fac/Giovanni-Di-Lorenzo,0.74,230a2fac,https://fbref.com/req/202302030/images/headshots/230a2fac_2022.jpg,NA,/en/players/230a2fac/Giovanni-Di-Lorenzo,-0.35,230a2fac
Mërgim Vojvoda,CO,/en/players/be2706c0/Mergim-Vojvoda,0.73,be2706c0,https://fbref.com/req/202302030/images/headshots/be2706c0_2022.jpg,CO,/en/players/be2706c0/Mergim-Vojvoda,0.04,be2706c0
Mërgim Vojvoda,CO,/en/players/be2706c0/Mergim-Vojvoda,0.73,be2706c0,https://fbref.com/req/202302030/images/headshots/be2706c0_2022.jpg,TO,/en/players/be2706c0/Mergim-Vojvoda,-0.64,be2706c0
Tammy Abraham,RO,/en/players/f586779e/Tammy-Abraham,0.73,f586779e,https://fbref.com/req/202302030/images/headshots/f586779e_2022.jpg,RO,/en/players/f586779e/Tammy-Abraham,-0.05,f586779e
Tammy Abraham,RO,/en/players/f586779e/Tammy-Abraham,0.73,f586779e,https://fbref.com/req/202302030/images/headshots/f586779e_2022.jpg,MI,/en/players/f586779e/Tammy-Abraham,-0.21,f586779e
Valentin Mihaila,PA,/en/players/81a4c239/Valentin-Mihaila,0.73,81a4c239,https://fbref.com/req/202302030/images/headshots/81a4c239_2022.jpg,PA,/en/players/81a4c239/Valentin-Mihaila,0.45,81a4c239
Daniel Mosquera,HE,/en/players/091b9eb8/Daniel-Mosquera,0.72,091b9eb8,https://fbref.com/req/202302030/images/headshots/091b9eb8_2022.jpg,HE,/en/players/091b9eb8/Daniel-Mosquera,0.04,091b9eb8
Nicolás González,JU,/en/players/2374aaca/Nicolas-Gonzalez,0.72,2374aaca,https://fbref.com/req/202302030/images/headshots/2374aaca_2022.jpg,JU,/en/players/2374aaca/Nicolas-Gonzalez,0.4,2374aaca
Stefano Sensi,MO,/en/players/b70bde8f/Stefano-Sensi,0.71,b70bde8f,https://fbref.com/req/202302030/images/headshots/b70bde8f_2022.jpg,MO,/en/players/b70bde8f/Stefano-Sensi,-1.0,b70bde8f
Reda Belahyane,HE,/en/players/705a1642/Reda-Belahyane,0.71,705a1642,https://fbref.com/req/202302030/images/headshots/705a1642_2022.jpg,LA,/en/players/705a1642/Reda-Belahyane,1.12,705a1642
Reda Belahyane,HE,/en/players/705a1642/Reda-Belahyane,0.71,705a1642,https://fbref.com/req/202302030/images/headshots/705a1642_2022.jpg,HE,/en/players/705a1642/Reda-Belahyane,-0.42,705a1642
Hamza Rafia,LE,/en/players/6b587d3d/Hamza-Rafia,0.7,6b587d3d,https://fbref.com/req/202302030/images/headshots/6b587d3d_2022.jpg,LE,/en/players/6b587d3d/Hamza-Rafia,-0.38,6b587d3d
Balthazar Pierret,LE,/en/players/c269463b/Balthazar-Pierret,0.69,c269463b,https://fbref.com/req/202302030/images/headshots/c269463b_2022.jpg,LE,/en/players/c269463b/Balthazar-Pierret,-0.7,c269463b
Juan Cuadrado,AT,/en/players/0ab1f153/Juan-Cuadrado,0.67,0ab1f153,https://fbref.com/req/202302030/images/headshots/0ab1f153_2022.jpg,AT,/en/players/0ab1f153/Juan-Cuadrado,1.09,0ab1f153
Marten de Roon,AT,/en/players/2a1beb34/Marten-de-Roon,0.67,2a1beb34,https://fbref.com/req/202302030/images/headshots/2a1beb34_2022.jpg,AT,/en/players/2a1beb34/Marten-de-Roon,-0.9,2a1beb34
Amin Sarr,HE,/en/players/d5326924/Amin-Sarr,0.66,d5326924,https://fbref.com/req/202302030/images/headshots/d5326924_2022.jpg,HE,/en/players/d5326924/Amin-Sarr,0.87,d5326924
Dany Mota,MO,/en/players/efc9e31f/Dany-Mota,0.65,efc9e31f,https://fbref.com/req/202302030/images/headshots/efc9e31f_2022.jpg,MO,/en/players/efc9e31f/Dany-Mota,1.4,efc9e31f
Michel Ndary Adopo,CA,/en/players/599d91d0/Michel-Ndary-Adopo,0.65,599d91d0,https://fbref.com/req/202302030/images/headshots/599d91d0_2022.jpg,CA,/en/players/599d91d0/Michel-Ndary-Adopo,-0.66,599d91d0
Enzo Le Fée,RO,/en/players/6f806d99/Enzo-Le-Fee,0.64,6f806d99,https://fbref.com/req/202302030/images/headshots/6f806d99_2022.jpg,RO,/en/players/6f806d99/Enzo-Le-Fee,0.39,6f806d99
Davide Calabria,MI,/en/players/2146785a/Davide-Calabria,0.64,2146785a,https://fbref.com/req/202302030/images/headshots/2146785a_2022.jpg,MI,/en/players/2146785a/Davide-Calabria,-0.13,2146785a
Davide Calabria,MI,/en/players/2146785a/Davide-Calabria,0.64,2146785a,https://fbref.com/req/202302030/images/headshots/2146785a_2022.jpg,BO,/en/players/2146785a/Davide-Calabria,-0.77,2146785a
Emanuele Valeri,PA,/en/players/ec52b661/Emanuele-Valeri,0.64,ec52b661,https://fbref.com/req/202302030/images/headshots/ec52b661_2022.jpg,PA,/en/players/ec52b661/Emanuele-Valeri,0.97,ec52b661
Lorenzo Pellegrini,RO,/en/players/4a5a45c7/Lorenzo-Pellegrini,0.63,4a5a45c7,https://fbref.com/req/202302030/images/headshots/4a5a45c7_2022.jpg,RO,/en/players/4a5a45c7/Lorenzo-Pellegrini,-0.15,4a5a45c7
Assane Diao,CO,/en/players/8ae7d0ec/Assane-Diao,0.62,8ae7d0ec,https://fbref.com/req/202302030/images/headshots/8ae7d0ec_2022.jpg,CO,/en/players/8ae7d0ec/Assane-Diao,1.56,8ae7d0ec
Stefano Sabelli,GE,/en/players/0ccac09c/Stefano-Sabelli,0.62,0ccac09c,https://fbref.com/req/202302030/images/headshots/0ccac09c_2022.jpg,GE,/en/players/0ccac09c/Stefano-Sabelli,0.21,0ccac09c
Alfred Duncan,VE,/en/players/528492ea/Alfred-Duncan,0.6,528492ea,https://fbref.com/req/202302030/images/headshots/528492ea_2022.jpg,VE,/en/players/528492ea/Alfred-Duncan,-0.72,528492ea
Éderson,AT,/en/players/a9202def/Ederson,0.59,a9202def,https://fbref.com/req/202302030/images/headshots/a9202def_2022.jpg,AT,/en/players/a9202def/Ederson,-0.81,a9202def
Teun Koopmeiners,JU,/en/players/a26fb8aa/Teun-Koopmeiners,0.58,a26fb8aa,https://fbref.com/req/202302030/images/headshots/a26fb8aa_2022.jpg,JU,/en/players/a26fb8aa/Teun-Koopmeiners,0.04,a26fb8aa
Maxence Caqueret,CO,/en/players/f81ef10d/Maxence-Caqueret,0.58,f81ef10d,https://fbref.com/req/202302030/images/headshots/f81ef10d_2022.jpg,CO,/en/players/f81ef10d/Maxence-Caqueret,0.04,f81ef10d
Lorenzo Colombo,EM,/en/players/04df29a5/Lorenzo-Colombo,0.57,04df29a5,https://fbref.com/req/202302030/images/headshots/04df29a5_2022.jpg,EM,/en/players/04df29a5/Lorenzo-Colombo,0.18,04df29a5
Jurgen Ekkelenkamp,UD,/en/players/73d6a176/Jurgen-Ekkelenkamp,0.57,73d6a176,https://fbref.com/req/202302030/images/headshots/73d6a176_2022.jpg,UD,/en/players/73d6a176/Jurgen-Ekkelenkamp,0.16,73d6a176
Davide Calabria,BO,/en/players/2146785a/Davide-Calabria,0.57,2146785a,https://fbref.com/req/202302030/images/headshots/2146785a_2022.jpg,MI,/en/players/2146785a/Davide-Calabria,-0.13,2146785a
Davide Calabria,BO,/en/players/2146785a/Davide-Calabria,0.57,2146785a,https://fbref.com/req/202302030/images/headshots/2146785a_2022.jpg,BO,/en/players/2146785a/Davide-Calabria,-0.77,2146785a
Sebastian Walukiewicz,TO,/en/players/217875a4/Sebastian-Walukiewicz,0.56,217875a4,https://fbref.com/req/202302030/images/headshots/217875a4_2022.jpg,EM,/en/players/217875a4/Sebastian-Walukiewicz,0.12,217875a4
Sebastian Walukiewicz,TO,/en/players/217875a4/Sebastian-Walukiewicz,0.56,217875a4,https://fbref.com/req/202302030/images/headshots/217875a4_2022.jpg,TO,/en/players/217875a4/Sebastian-Walukiewicz,-0.1,217875a4
Giorgio Scalvini,AT,/en/players/1e9aa637/Giorgio-Scalvini,0.56,1e9aa637,https://fbref.com/req/202302030/images/headshots/1e9aa637_2022.jpg,AT,/en/players/1e9aa637/Giorgio-Scalvini,-0.55,1e9aa637
Hakan Çalhanoğlu,IN,/en/players/cd0fa27b/Hakan-Calhanoglu,0.56,cd0fa27b,https://fbref.com/req/202302030/images/headshots/cd0fa27b_2022.jpg,IN,/en/players/cd0fa27b/Hakan-Calhanoglu,-0.38,cd0fa27b
Andre-Frank Zambo Anguissa,NA,/en/players/6bb2c084/Andre-Frank-Zambo-Anguissa,0.55,6bb2c084,https://fbref.com/req/202302030/images/headshots/6bb2c084_2022.jpg,NA,/en/players/6bb2c084/Andre-Frank-Zambo-Anguissa,-0.71,6bb2c084
Kenan Yıldız,JU,/en/players/d8cda243/Kenan-Yildiz,0.55,d8cda243,https://fbref.com/req/202302030/images/headshots/d8cda243_2022.jpg,JU,/en/players/d8cda243/Kenan-Yildiz,1.81,d8cda243
Darko Lazović,HE,/en/players/5128bde4/Darko-Lazovic,0.54,5128bde4,https://fbref.com/req/202302030/images/headshots/5128bde4_2022.jpg,HE,/en/players/5128bde4/Darko-Lazovic,0.35,5128bde4
Sead Kolašinac,AT,/en/players/3935e52e/Sead-Kolasinac,0.53,3935e52e,https://fbref.com/req/202302030/images/headshots/3935e52e_2022.jpg,AT,/en/players/3935e52e/Sead-Kolasinac,-0.13,3935e52e
Matteo Cancellieri,PA,/en/players/b6a1cdf9/Matteo-Cancellieri,0.52,b6a1cdf9,https://fbref.com/req/202302030/images/headshots/b6a1cdf9_2022.jpg,PA,/en/players/b6a1cdf9/Matteo-Cancellieri,1.8,b6a1cdf9
Manuel Lazzari,LA,/en/players/02caf6e0/Manuel-Lazzari,0.51,02caf6e0,https://fbref.com/req/202302030/images/headshots/02caf6e0_2022.jpg,LA,/en/players/02caf6e0/Manuel-Lazzari,1.77,02caf6e0
Ondrej Duda,HE,/en/players/79ca3e23/Ondrej-Duda,0.51,79ca3e23,https://fbref.com/req/202302030/images/headshots/79ca3e23_2022.jpg,HE,/en/players/79ca3e23/Ondrej-Duda,-0.77,79ca3e23
Benjamín Domínguez,BO,/en/players/a83b47fa/Benjamin-Dominguez,0.48,a83b47fa,https://fbref.com/req/202302030/images/headshots/a83b47fa_2022.jpg,BO,/en/players/a83b47fa/Benjamin-Dominguez,1.85,a83b47fa
Lewis Ferguson,BO,/en/players/ee64a822/Lewis-Ferguson,0.47,ee64a822,https://fbref.com/req/202302030/images/headshots/ee64a822_2022.jpg,BO,/en/players/ee64a822/Lewis-Ferguson,0.12,ee64a822
Ismaël Bennacer,MI,/en/players/db092d3b/Ismael-Bennacer,0.47,db092d3b,https://fbref.com/req/202302030/images/headshots/db092d3b_2022.jpg,MI,/en/players/db092d3b/Ismael-Bennacer,-0.11,db092d3b
Danilo Cataldi,FI,/en/players/ba3d3bea/Danilo-Cataldi,0.47,ba3d3bea,https://fbref.com/req/202302030/images/headshots/ba3d3bea_2022.jpg,FI,/en/players/ba3d3bea/Danilo-Cataldi,-0.64,ba3d3bea
Reda Belahyane,LA,/en/players/705a1642/Reda-Belahyane,0.45,705a1642,https://fbref.com/req/202302030/images/headshots/705a1642_2022.jpg,LA,/en/players/705a1642/Reda-Belahyane,1.12,705a1642
Reda Belahyane,LA,/en/players/705a1642/Reda-Belahyane,0.45,705a1642,https://fbref.com/req/202302030/images/headshots/705a1642_2022.jpg,HE,/en/players/705a1642/Reda-Belahyane,-0.42,705a1642
Arthur Atta,UD,/en/players/d3ddf88b/Arthur-Atta,0.45,d3ddf88b,https://fbref.com/req/202302030/images/headshots/d3ddf88b_2022.jpg,UD,/en/players/d3ddf88b/Arthur-Atta,-0.07,d3ddf88b
Christian Kouamé,FI,/en/players/58e933d2/Christian-Kouame,0.44,58e933d2,https://fbref.com/req/202302030/images/headshots/58e933d2_2022.jpg,EM,/en/players/58e933d2/Christian-Kouame,0.29,58e933d2
Christian Kouamé,FI,/en/players/58e933d2/Christian-Kouame,0.44,58e933d2,https://fbref.com/req/202302030/images/headshots/58e933d2_2022.jpg,FI,/en/players/58e933d2/Christian-Kouame,-0.22,58e933d2
Angeliño,RO,/en/players/30941e96/Angelino,0.44,30941e96,https://fbref.com/req/202302030/images/headshots/30941e96_2022.jpg,RO,/en/players/30941e96/Angelino,-0.27,30941e96
Mario Pašalić,AT,/en/players/e599253a/Mario-Pasalic,0.43,e599253a,https://fbref.com/req/202302030/images/headshots/e599253a_2022.jpg,AT,/en/players/e599253a/Mario-Pasalic,-0.47,e599253a
Ridgeciano Haps,VE,/en/players/c8d7131c/Ridgeciano-Haps,0.42,c8d7131c,https://fbref.com/req/202302030/images/headshots/c8d7131c_2022.jpg,VE,/en/players/c8d7131c/Ridgeciano-Haps,0.04,c8d7131c
Roberto Piccoli,CA,/en/players/1cadaf34/Roberto-Piccoli,0.41,1cadaf34,https://fbref.com/req/202302030/images/headshots/1cadaf34_2022.jpg,CA,/en/players/1cadaf34/Roberto-Piccoli,-0.2,1cadaf34
Stephan El Shaarawy,RO,/en/players/d3aaad90/Stephan-El-Shaarawy,0.4,d3aaad90,https://fbref.com/req/202302030/images/headshots/d3aaad90_2022.jpg,RO,/en/players/d3aaad90/Stephan-El-Shaarawy,1.52,d3aaad90
Leonardo Spinazzola,NA,/en/players/3626daea/Leonardo-Spinazzola,0.38,3626daea,https://fbref.com/req/202302030/images/headshots/3626daea_2022.jpg,NA,/en/players/3626daea/Leonardo-Spinazzola,1.98,3626daea
Jens Odgaard,BO,/en/players/75374ee7/Jens-Odgaard,0.38,75374ee7,https://fbref.com/req/202302030/images/headshots/75374ee7_2022.jpg,BO,/en/players/75374ee7/Jens-Odgaard,0.73,75374ee7
Michel Aebischer,BO,/en/players/f9c927de/Michel-Aebischer,0.38,f9c927de,https://fbref.com/req/202302030/images/headshots/f9c927de_2022.jpg,BO,/en/players/f9c927de/Michel-Aebischer,-0.57,f9c927de
Andrea Pinamonti,GE,/en/players/08aa9cd1/Andrea-Pinamonti,0.36,08aa9cd1,https://fbref.com/req/202302030/images/headshots/08aa9cd1_2022.jpg,GE,/en/players/08aa9cd1/Andrea-Pinamonti,-0.23,08aa9cd1
Loum Tchaouna,LA,/en/players/a3c8b4d3/Loum-Tchaouna,0.36,a3c8b4d3,https://fbref.com/req/202302030/images/headshots/a3c8b4d3_2022.jpg,LA,/en/players/a3c8b4d3/Loum-Tchaouna,1.35,a3c8b4d3
Pasquale Mazzocchi,NA,/en/players/eb0ec070/Pasquale-Mazzocchi,0.35,eb0ec070,https://fbref.com/req/202302030/images/headshots/eb0ec070_2022.jpg,NA,/en/players/eb0ec070/Pasquale-Mazzocchi,0.74,eb0ec070
Nicolò Fagioli,JU,/en/players/366be751/Nicolo-Fagioli,0.35,366be751,https://fbref.com/req/202302030/images/headshots/366be751_2022.jpg,JU,/en/players/366be751/Nicolo-Fagioli,0.11,366be751
Nicolò Fagioli,JU,/en/players/366be751/Nicolo-Fagioli,0.35,366be751,https://fbref.com/req/202302030/images/headshots/366be751_2022.jpg,FI,/en/players/366be751/Nicolo-Fagioli,-1.06,366be751
Alessandro Deiola,CA,/en/players/7f267d66/Alessandro-Deiola,0.34,7f267d66,https://fbref.com/req/202302030/images/headshots/7f267d66_2022.jpg,CA,/en/players/7f267d66/Alessandro-Deiola,-0.58,7f267d66
Manu Koné,RO,/en/players/86574238/Manu-Kone,0.33,86574238,https://fbref.com/req/202302030/images/headshots/86574238_2022.jpg,RO,/en/players/86574238/Manu-Kone,0.29,86574238
Gabriele Zappa,CA,/en/players/ca3db240/Gabriele-Zappa,0.29,ca3db240,https://fbref.com/req/202302030/images/headshots/ca3db240_2022.jpg,CA,/en/players/ca3db240/Gabriele-Zappa,-0.06,ca3db240
Davide Frattesi,IN,/en/players/2a7d27c1/Davide-Frattesi,0.29,2a7d27c1,https://fbref.com/req/202302030/images/headshots/2a7d27c1_2022.jpg,IN,/en/players/2a7d27c1/Davide-Frattesi,0.38,2a7d27c1
Boulaye Dia,LA,/en/players/244bc2c8/Boulaye-Dia,0.29,244bc2c8,https://fbref.com/req/202302030/images/headshots/244bc2c8_2022.jpg,LA,/en/players/244bc2c8/Boulaye-Dia,-0.16,244bc2c8
Nicola Zalewski,IN,/en/players/45191c29/Nicola-Zalewski,0.27,45191c29,https://fbref.com/req/202302030/images/headshots/45191c29_2022.jpg,IN,/en/players/45191c29/Nicola-Zalewski,3.02,45191c29
Nicola Zalewski,IN,/en/players/45191c29/Nicola-Zalewski,0.27,45191c29,https://fbref.com/req/202302030/images/headshots/45191c29_2022.jpg,RO,/en/players/45191c29/Nicola-Zalewski,2.38,45191c29
Santiago Pierotti,LE,/en/players/ec315772/Santiago-Pierotti,0.27,ec315772,https://fbref.com/req/202302030/images/headshots/ec315772_2022.jpg,LE,/en/players/ec315772/Santiago-Pierotti,1.96,ec315772
Nadir Zortea,CA,/en/players/82598b71/Nadir-Zortea,0.26,82598b71,https://fbref.com/req/202302030/images/headshots/82598b71_2022.jpg,CA,/en/players/82598b71/Nadir-Zortea,0.95,82598b71
Piotr Zieliński,IN,/en/players/a5296e55/Piotr-Zielinski,0.26,a5296e55,https://fbref.com/req/202302030/images/headshots/a5296e55_2022.jpg,IN,/en/players/a5296e55/Piotr-Zielinski,-0.07,a5296e55
Juan Miranda,BO,/en/players/ead61f73/Juan-Miranda,0.25,ead61f73,https://fbref.com/req/202302030/images/headshots/ead61f73_2022.jpg,BO,/en/players/ead61f73/Juan-Miranda,-0.41,ead61f73
Vitinha,GE,/en/players/74d4cec6/Vitinha,0.25,74d4cec6,https://fbref.com/req/202302030/images/headshots/74d4cec6_2022.jpg,GE,/en/players/74d4cec6/Vitinha,1.11,74d4cec6
Lassana Coulibaly,LE,/en/players/85a44ecc/Lassana-Coulibaly,0.23,85a44ecc,https://fbref.com/req/202302030/images/headshots/85a44ecc_2022.jpg,LE,/en/players/85a44ecc/Lassana-Coulibaly,-0.98,85a44ecc
Charalambos Lykogiannis,BO,/en/players/5efc5389/Charalambos-Lykogiannis,0.22,5efc5389,https://fbref.com/req/202302030/images/headshots/5efc5389_2022.jpg,BO,/en/players/5efc5389/Charalambos-Lykogiannis,-0.6,5efc5389
Robin Gosens,FI,/en/players/2d970560/Robin-Gosens,0.21,2d970560,https://fbref.com/req/202302030/images/headshots/2d970560_2022.jpg,FI,/en/players/2d970560/Robin-Gosens,-0.37,2d970560
Mathías Olivera,NA,/en/players/41c12f75/Mathias-Olivera,0.21,41c12f75,https://fbref.com/req/202302030/images/headshots/41c12f75_2022.jpg,NA,/en/players/41c12f75/Mathias-Olivera,-0.27,41c12f75
Jesper Karlström,UD,/en/players/e0a1f4eb/Jesper-Karlstrom,0.19,e0a1f4eb,https://fbref.com/req/202302030/images/headshots/e0a1f4eb_2022.jpg,UD,/en/players/e0a1f4eb/Jesper-Karlstrom,-0.95,e0a1f4eb
Patrizio Masini,GE,/en/players/151354b8/Patrizio-Masini,0.19,151354b8,https://fbref.com/req/202302030/images/headshots/151354b8_2022.jpg,GE,/en/players/151354b8/Patrizio-Masini,0.59,151354b8
Karol Linetty,TO,/en/players/d023d70f/Karol-Linetty,0.18,d023d70f,https://fbref.com/req/202302030/images/headshots/d023d70f_2022.jpg,TO,/en/players/d023d70f/Karol-Linetty,-0.44,d023d70f
Dodô,FI,/en/players/b5f7d10b/Dodo,0.17,b5f7d10b,https://fbref.com/req/202302030/images/headshots/b5f7d10b_2022.jpg,FI,/en/players/b5f7d10b/Dodo,1.24,b5f7d10b
Liberato Cacace,EM,/en/players/dd86e8e4/Liberato-Cacace,0.16,dd86e8e4,https://fbref.com/req/202302030/images/headshots/dd86e8e4_2022.jpg,EM,/en/players/dd86e8e4/Liberato-Cacace,1.46,dd86e8e4
Gvidas Gineitis,TO,/en/players/548bd0de/Gvidas-Gineitis,0.16,548bd0de,https://fbref.com/req/202302030/images/headshots/548bd0de_2022.jpg,TO,/en/players/548bd0de/Gvidas-Gineitis,-0.23,548bd0de
Alessandro Bianco,MO,/en/players/d65cf468/Alessandro-Bianco,0.16,d65cf468,https://fbref.com/req/202302030/images/headshots/d65cf468_2022.jpg,FI,/en/players/d65cf468/Alessandro-Bianco,-0.25,d65cf468
Alessandro Bianco,MO,/en/players/d65cf468/Alessandro-Bianco,0.16,d65cf468,https://fbref.com/req/202302030/images/headshots/d65cf468_2022.jpg,MO,/en/players/d65cf468/Alessandro-Bianco,-0.43,d65cf468
Paulo Azzi,CA,/en/players/967ac202/Paulo-Azzi,0.15,967ac202,https://fbref.com/req/202302030/images/headshots/967ac202_2022.jpg,CA,/en/players/967ac202/Paulo-Azzi,1.48,967ac202
Santiago Castro,BO,/en/players/ee5565ae/Santiago-Castro,0.15,ee5565ae,https://fbref.com/req/202302030/images/headshots/ee5565ae_2022.jpg,BO,/en/players/ee5565ae/Santiago-Castro,-0.32,ee5565ae
Alexis Saelemaekers,RO,/en/players/ee251371/Alexis-Saelemaekers,0.13,ee251371,https://fbref.com/req/202302030/images/headshots/ee251371_2022.jpg,MI,/en/players/ee251371/Alexis-Saelemaekers,1.12,ee251371
Alexis Saelemaekers,RO,/en/players/ee251371/Alexis-Saelemaekers,0.13,ee251371,https://fbref.com/req/202302030/images/headshots/ee251371_2022.jpg,RO,/en/players/ee251371/Alexis-Saelemaekers,0.27,ee251371
Flavius Daniliuc,HE,/en/players/7ef972c3/Flavius-Daniliuc,0.11,7ef972c3,https://fbref.com/req/202302030/images/headshots/7ef972c3_2022.jpg,HE,/en/players/7ef972c3/Flavius-Daniliuc,-0.58,7ef972c3
Matìas Soulé,RO,/en/players/c13ddd3e/Matias-Soule,0.11,c13ddd3e,https://fbref.com/req/202302030/images/headshots/c13ddd3e_2022.jpg,RO,/en/players/c13ddd3e/Matias-Soule,1.16,c13ddd3e
Antoine Hainaut,PA,/en/players/6503f220/Antoine-Hainaut,0.11,6503f220,https://fbref.com/req/202302030/images/headshots/6503f220_2022.jpg,PA,/en/players/6503f220/Antoine-Hainaut,0.61,6503f220
Nicolò Fagioli,FI,/en/players/366be751/Nicolo-Fagioli,0.11,366be751,https://fbref.com/req/202302030/images/headshots/366be751_2022.jpg,JU,/en/players/366be751/Nicolo-Fagioli,0.11,366be751
Nicolò Fagioli,FI,/en/players/366be751/Nicolo-Fagioli,0.11,366be751,https://fbref.com/req/202302030/images/headshots/366be751_2022.jpg,FI,/en/players/366be751/Nicolo-Fagioli,-1.06,366be751
Giorgos Kyriakopoulos,MO,/en/players/0a483542/Giorgos-Kyriakopoulos,0.1,0a483542,https://fbref.com/req/202302030/images/headshots/0a483542_2022.jpg,MO,/en/players/0a483542/Giorgos-Kyriakopoulos,0.72,0a483542
Marco Brescianini,AT,/en/players/dfd56738/Marco-Brescianini,0.1,dfd56738,https://fbref.com/req/202302030/images/headshots/dfd56738_2022.jpg,AT,/en/players/dfd56738/Marco-Brescianini,2.02,dfd56738
Alberto Grassi,EM,/en/players/6cc97b6a/Alberto-Grassi,0.09,6cc97b6a,https://fbref.com/req/202302030/images/headshots/6cc97b6a_2022.jpg,EM,/en/players/6cc97b6a/Alberto-Grassi,-0.46,6cc97b6a
Oier Zarraga,UD,/en/players/968a1c2f/Oier-Zarraga,0.07,968a1c2f,https://fbref.com/req/202302030/images/headshots/968a1c2f_2022.jpg,UD,/en/players/968a1c2f/Oier-Zarraga,-0.6,968a1c2f
Morten Frendrup,GE,/en/players/f4d60499/Morten-Frendrup,0.05,f4d60499,https://fbref.com/req/202302030/images/headshots/f4d60499_2022.jpg,GE,/en/players/f4d60499/Morten-Frendrup,-0.69,f4d60499
Alejandro Jiménez,MI,/en/players/faa13947/Alejandro-Jimenez,0.05,faa13947,https://fbref.com/req/202302030/images/headshots/faa13947_2022.jpg,MI,/en/players/faa13947/Alejandro-Jimenez,2.05,faa13947
Francesco Zampano,VE,/en/players/8e45910b/Francesco-Zampano,0.04,8e45910b,https://fbref.com/req/202302030/images/headshots/8e45910b_2022.jpg,VE,/en/players/8e45910b/Francesco-Zampano,1.14,8e45910b
Stefan Posch,AT,/en/players/7f609bfc/Stefan-Posch,0.04,7f609bfc,https://fbref.com/req/202302030/images/headshots/7f609bfc_2022.jpg,BO,/en/players/7f609bfc/Stefan-Posch,-0.46,7f609bfc
Stefan Posch,AT,/en/players/7f609bfc/Stefan-Posch,0.04,7f609bfc,https://fbref.com/req/202302030/images/headshots/7f609bfc_2022.jpg,AT,/en/players/7f609bfc/Stefan-Posch,-0.66,7f609bfc
Lorenzo De Silvestri,BO,/en/players/e74f0e59/Lorenzo-De-Silvestri,0.03,e74f0e59,https://fbref.com/req/202302030/images/headshots/e74f0e59_2022.jpg,BO,/en/players/e74f0e59/Lorenzo-De-Silvestri,-1.07,e74f0e59
Christian Kouamé,EM,/en/players/58e933d2/Christian-Kouame,0.02,58e933d2,https://fbref.com/req/202302030/images/headshots/58e933d2_2022.jpg,EM,/en/players/58e933d2/Christian-Kouame,0.29,58e933d2
Christian Kouamé,EM,/en/players/58e933d2/Christian-Kouame,0.02,58e933d2,https://fbref.com/req/202302030/images/headshots/58e933d2_2022.jpg,FI,/en/players/58e933d2/Christian-Kouame,-0.22,58e933d2
Alessandro Vogliacco,GE,/en/players/6841f107/Alessandro-Vogliacco,0.02,6841f107,https://fbref.com/req/202302030/images/headshots/6841f107_2022.jpg,GE,/en/players/6841f107/Alessandro-Vogliacco,-0.3,6841f107
Alessandro Vogliacco,GE,/en/players/6841f107/Alessandro-Vogliacco,0.02,6841f107,https://fbref.com/req/202302030/images/headshots/6841f107_2022.jpg,PA,/en/players/6841f107/Alessandro-Vogliacco,-1.29,6841f107
Giangiacomo Magnani,HE,/en/players/cce9f582/Giangiacomo-Magnani,0.02,cce9f582,https://fbref.com/req/202302030/images/headshots/cce9f582_2022.jpg,HE,/en/players/cce9f582/Giangiacomo-Magnani,-0.96,cce9f582
Mattia Felici,CA,/en/players/38aa2612/Mattia-Felici,0.01,38aa2612,https://fbref.com/req/202302030/images/headshots/38aa2612_2022.jpg,CA,/en/players/38aa2612/Mattia-Felici,2.44,38aa2612
Magnus Kofod Andersen,VE,/en/players/a4731ebc/Magnus-Kofod-Andersen,0.01,a4731ebc,https://fbref.com/req/202302030/images/headshots/a4731ebc_2022.jpg,VE,/en/players/a4731ebc/Magnus-Kofod-Andersen,-0.61,a4731ebc
Matteo Ruggeri,AT,/en/players/ae9898c5/Matteo-Ruggeri,0.01,ae9898c5,https://fbref.com/req/202302030/images/headshots/ae9898c5_2022.jpg,AT,/en/players/ae9898c5/Matteo-Ruggeri,0.32,ae9898c5
Leandro Paredes,RO,/en/players/dff153a4/Leandro-Paredes,0.0,dff153a4,https://fbref.com/req/202302030/images/headshots/dff153a4_2022.jpg,RO,/en/players/dff153a4/Leandro-Paredes,-0.86,dff153a4
Federico Barba,CO,/en/players/c010b898/Federico-Barba,0.0,c010b898,https://fbref.com/req/202302030/images/headshots/c010b898_2022.jpg,CO,/en/players/c010b898/Federico-Barba,-0.72,c010b898
Tommaso Augello,CA,/en/players/3cd3b384/Tommaso-Augello,0.0,3cd3b384,https://fbref.com/req/202302030/images/headshots/3cd3b384_2022.jpg,CA,/en/players/3cd3b384/Tommaso-Augello,0.54,3cd3b384
Raoul Bellanova,AT,/en/players/e3756e72/Raoul-Bellanova,-0.01,e3756e72,https://fbref.com/req/202302030/images/headshots/e3756e72_2022.jpg,AT,/en/players/e3756e72/Raoul-Bellanova,1.22,e3756e72
Raoul Bellanova,AT,/en/players/e3756e72/Raoul-Bellanova,-0.01,e3756e72,https://fbref.com/req/202302030/images/headshots/e3756e72_2022.jpg,TO,/en/players/e3756e72/Raoul-Bellanova,0.91,e3756e72
Adrien Tameze,TO,/en/players/8da74c05/Adrien-Tameze,-0.01,8da74c05,https://fbref.com/req/202302030/images/headshots/8da74c05_2022.jpg,TO,/en/players/8da74c05/Adrien-Tameze,0.3,8da74c05
Samuel Chukwueze,MI,/en/players/b8a642fc/Samuel-Chukwueze,-0.01,b8a642fc,https://fbref.com/req/202302030/images/headshots/b8a642fc_2022.jpg,MI,/en/players/b8a642fc/Samuel-Chukwueze,1.78,b8a642fc
Mërgim Vojvoda,TO,/en/players/be2706c0/Mergim-Vojvoda,-0.01,be2706c0,https://fbref.com/req/202302030/images/headshots/be2706c0_2022.jpg,CO,/en/players/be2706c0/Mergim-Vojvoda,0.04,be2706c0
Mërgim Vojvoda,TO,/en/players/be2706c0/Mergim-Vojvoda,-0.01,be2706c0,https://fbref.com/req/202302030/images/headshots/be2706c0_2022.jpg,TO,/en/players/be2706c0/Mergim-Vojvoda,-0.64,be2706c0
Emil Holm,BO,/en/players/c2357b65/Emil-Holm,-0.02,c2357b65,https://fbref.com/req/202302030/images/headshots/c2357b65_2022.jpg,BO,/en/players/c2357b65/Emil-Holm,0.11,c2357b65
Giuseppe Pezzella,EM,/en/players/149c5f5d/Giuseppe-Pezzella,-0.02,149c5f5d,https://fbref.com/req/202302030/images/headshots/149c5f5d_2022.jpg,EM,/en/players/149c5f5d/Giuseppe-Pezzella,1.64,149c5f5d
Kike Pérez,VE,/en/players/237a3851/Kike-Perez,-0.03,237a3851,https://fbref.com/req/202302030/images/headshots/237a3851_2022.jpg,VE,/en/players/237a3851/Kike-Perez,-1.04,237a3851
Jordan Zemura,UD,/en/players/e8271ad9/Jordan-Zemura,-0.04,e8271ad9,https://fbref.com/req/202302030/images/headshots/e8271ad9_2022.jpg,UD,/en/players/e8271ad9/Jordan-Zemura,0.27,e8271ad9
Rolando Mandragora,FI,/en/players/c7259b83/Rolando-Mandragora,-0.04,c7259b83,https://fbref.com/req/202302030/images/headshots/c7259b83_2022.jpg,FI,/en/players/c7259b83/Rolando-Mandragora,-0.89,c7259b83
Gianluca Mancini,RO,/en/players/5aa53281/Gianluca-Mancini,-0.06,5aa53281,https://fbref.com/req/202302030/images/headshots/5aa53281_2022.jpg,RO,/en/players/5aa53281/Gianluca-Mancini,-0.39,5aa53281
Thomas Kristensen,UD,/en/players/fadf9a05/Thomas-Kristensen,-0.07,fadf9a05,https://fbref.com/req/202302030/images/headshots/fadf9a05_2022.jpg,UD,/en/players/fadf9a05/Thomas-Kristensen,-0.61,fadf9a05
Pablo Marí,FI,/en/players/aa54ec6f/Pablo-Mari,-0.07,aa54ec6f,https://fbref.com/req/202302030/images/headshots/aa54ec6f_2022.jpg,FI,/en/players/aa54ec6f/Pablo-Mari,-0.58,aa54ec6f
Pablo Marí,FI,/en/players/aa54ec6f/Pablo-Mari,-0.07,aa54ec6f,https://fbref.com/req/202302030/images/headshots/aa54ec6f_2022.jpg,MO,/en/players/aa54ec6f/Pablo-Mari,-1.27,aa54ec6f
Lucas Da Cunha,CO,/en/players/007faf7a/Lucas-Da-Cunha,-0.1,007faf7a,https://fbref.com/req/202302030/images/headshots/007faf7a_2022.jpg,CO,/en/players/007faf7a/Lucas-Da-Cunha,-0.14,007faf7a
Borna Sosa,TO,/en/players/af0d79a9/Borna-Sosa,-0.1,af0d79a9,https://fbref.com/req/202302030/images/headshots/af0d79a9_2022.jpg,TO,/en/players/af0d79a9/Borna-Sosa,-0.63,af0d79a9
Ademola Lookman,AT,/en/players/7c104bb7/Ademola-Lookman,-0.1,7c104bb7,https://fbref.com/req/202302030/images/headshots/7c104bb7_2022.jpg,AT,/en/players/7c104bb7/Ademola-Lookman,2.41,7c104bb7
Ivan Ilić,TO,/en/players/bb376bed/Ivan-Ilic,-0.1,bb376bed,https://fbref.com/req/202302030/images/headshots/bb376bed_2022.jpg,TO,/en/players/bb376bed/Ivan-Ilic,0.32,bb376bed
Tommaso Pobega,BO,/en/players/55a1cac2/Tommaso-Pobega,-0.1,55a1cac2,https://fbref.com/req/202302030/images/headshots/55a1cac2_2022.jpg,BO,/en/players/55a1cac2/Tommaso-Pobega,-0.26,55a1cac2
Patrick Dorgu,LE,/en/players/e6536124/Patrick-Dorgu,-0.11,e6536124,https://fbref.com/req/202302030/images/headshots/e6536124_2022.jpg,LE,/en/players/e6536124/Patrick-Dorgu,1.63,e6536124
Douglas Luiz,JU,/en/players/6f7d826d/Douglas-Luiz,-0.11,6f7d826d,https://fbref.com/req/202302030/images/headshots/6f7d826d_2022.jpg,JU,/en/players/6f7d826d/Douglas-Luiz,0.16,6f7d826d
Christian Kabasele,UD,/en/players/914ab9a1/Christian-Kabasele,-0.11,914ab9a1,https://fbref.com/req/202302030/images/headshots/914ab9a1_2022.jpg,UD,/en/players/914ab9a1/Christian-Kabasele,-0.76,914ab9a1
Riccardo Sottil,FI,/en/players/94816803/Riccardo-Sottil,-0.11,94816803,https://fbref.com/req/202302030/images/headshots/94816803_2022.jpg,FI,/en/players/94816803/Riccardo-Sottil,4.85,94816803
Riccardo Sottil,FI,/en/players/94816803/Riccardo-Sottil,-0.11,94816803,https://fbref.com/req/202302030/images/headshots/94816803_2022.jpg,MI,/en/players/94816803/Riccardo-Sottil,2.88,94816803
Weston McKennie,JU,/en/players/01c3aff5/Weston-McKennie,-0.11,01c3aff5,https://fbref.com/req/202302030/images/headshots/01c3aff5_2022.jpg,JU,/en/players/01c3aff5/Weston-McKennie,-0.61,01c3aff5
Strahinja Pavlović,MI,/en/players/25146df0/Strahinja-Pavlovic,-0.12,25146df0,https://fbref.com/req/202302030/images/headshots/25146df0_2022.jpg,MI,/en/players/25146df0/Strahinja-Pavlovic,-0.33,25146df0
Amir Richardson,FI,/en/players/2b7cdb79/Amir-Richardson,-0.13,2b7cdb79,https://fbref.com/req/202302030/images/headshots/2b7cdb79_2022.jpg,FI,/en/players/2b7cdb79/Amir-Richardson,-0.48,2b7cdb79
Davide Zappacosta,AT,/en/players/7fe90ccd/Davide-Zappacosta,-0.13,7fe90ccd,https://fbref.com/req/202302030/images/headshots/7fe90ccd_2022.jpg,AT,/en/players/7fe90ccd/Davide-Zappacosta,0.56,7fe90ccd
Thijs Dallinga,BO,/en/players/b70afb45/Thijs-Dallinga,-0.13,b70afb45,https://fbref.com/req/202302030/images/headshots/b70afb45_2022.jpg,BO,/en/players/b70afb45/Thijs-Dallinga,-0.38,b70afb45
Federico Dimarco,IN,/en/players/970b8574/Federico-Dimarco,-0.14,970b8574,https://fbref.com/req/202302030/images/headshots/970b8574_2022.jpg,IN,/en/players/970b8574/Federico-Dimarco,-0.14,970b8574
Theo Hernández,MI,/en/players/d4c9725f/Theo-Hernandez,-0.15,d4c9725f,https://fbref.com/req/202302030/images/headshots/d4c9725f_2022.jpg,MI,/en/players/d4c9725f/Theo-Hernandez,1.1,d4c9725f
Rafael Tolói,AT,/en/players/c56dc39e/Rafael-Toloi,-0.15,c56dc39e,https://fbref.com/req/202302030/images/headshots/c56dc39e_2022.jpg,AT,/en/players/c56dc39e/Rafael-Toloi,-0.6,c56dc39e
Stefan Posch,BO,/en/players/7f609bfc/Stefan-Posch,-0.16,7f609bfc,https://fbref.com/req/202302030/images/headshots/7f609bfc_2022.jpg,BO,/en/players/7f609bfc/Stefan-Posch,-0.46,7f609bfc
Stefan Posch,BO,/en/players/7f609bfc/Stefan-Posch,-0.16,7f609bfc,https://fbref.com/req/202302030/images/headshots/7f609bfc_2022.jpg,AT,/en/players/7f609bfc/Stefan-Posch,-0.66,7f609bfc
Mattia Viti,EM,/en/players/75438a9a/Mattia-Viti,-0.16,75438a9a,https://fbref.com/req/202302030/images/headshots/75438a9a_2022.jpg,EM,/en/players/75438a9a/Mattia-Viti,-0.79,75438a9a
Antonio Candela,VE,/en/players/d4307c52/Antonio-Candela,-0.16,d4307c52,https://fbref.com/req/202302030/images/headshots/d4307c52_2022.jpg,VE,/en/players/d4307c52/Antonio-Candela,-0.2,d4307c52
Giovanni Fabbian,BO,/en/players/f97f9188/Giovanni-Fabbian,-0.17,f97f9188,https://fbref.com/req/202302030/images/headshots/f97f9188_2022.jpg,BO,/en/players/f97f9188/Giovanni-Fabbian,0.38,f97f9188
Samuele Ricci,TO,/en/players/9823be92/Samuele-Ricci,-0.17,9823be92,https://fbref.com/req/202302030/images/headshots/9823be92_2022.jpg,TO,/en/players/9823be92/Samuele-Ricci,-0.32,9823be92
Dennis Man,PA,/en/players/2079b3cc/Dennis-Man,-0.17,2079b3cc,https://fbref.com/req/202302030/images/headshots/2079b3cc_2022.jpg,PA,/en/players/2079b3cc/Dennis-Man,1.24,2079b3cc
Antoine Makoumbou,CA,/en/players/f37f3522/Antoine-Makoumbou,-0.18,f37f3522,https://fbref.com/req/202302030/images/headshots/f37f3522_2022.jpg,CA,/en/players/f37f3522/Antoine-Makoumbou,-1.08,f37f3522
Khéphren Thuram,JU,/en/players/7d9397f8/Khephren-Thuram,-0.18,7d9397f8,https://fbref.com/req/202302030/images/headshots/7d9397f8_2022.jpg,JU,/en/players/7d9397f8/Khephren-Thuram,0.43,7d9397f8
Martin Frese,HE,/en/players/b910e9c0/Martin-Frese,-0.19,b910e9c0,https://fbref.com/req/202302030/images/headshots/b910e9c0_2022.jpg,HE,/en/players/b910e9c0/Martin-Frese,-0.53,b910e9c0
Mikael Ellertsson,VE,/en/players/c55967eb/Mikael-Ellertsson,-0.19,c55967eb,https://fbref.com/req/202302030/images/headshots/c55967eb_2022.jpg,VE,/en/players/c55967eb/Mikael-Ellertsson,0.61,c55967eb
Dušan Vlahović,JU,/en/players/79443529/Dusan-Vlahovic,-0.2,79443529,https://fbref.com/req/202302030/images/headshots/79443529_2022.jpg,JU,/en/players/79443529/Dusan-Vlahovic,0.63,79443529
Nicola Zalewski,RO,/en/players/45191c29/Nicola-Zalewski,-0.21,45191c29,https://fbref.com/req/202302030/images/headshots/45191c29_2022.jpg,IN,/en/players/45191c29/Nicola-Zalewski,3.02,45191c29
Nicola Zalewski,RO,/en/players/45191c29/Nicola-Zalewski,-0.21,45191c29,https://fbref.com/req/202302030/images/headshots/45191c29_2022.jpg,RO,/en/players/45191c29/Nicola-Zalewski,2.38,45191c29
Tijjani Noslin,LA,/en/players/2f067cf2/Tijjani-Noslin,-0.21,2f067cf2,https://fbref.com/req/202302030/images/headshots/2f067cf2_2022.jpg,LA,/en/players/2f067cf2/Tijjani-Noslin,0.18,2f067cf2
Billy Gilmour,NA,/en/players/df10e27c/Billy-Gilmour,-0.22,df10e27c,https://fbref.com/req/202302030/images/headshots/df10e27c_2022.jpg,NA,/en/players/df10e27c/Billy-Gilmour,-0.79,df10e27c
Matías Vecino,LA,/en/players/44ac04e9/Matias-Vecino,-0.25,44ac04e9,https://fbref.com/req/202302030/images/headshots/44ac04e9_2022.jpg,LA,/en/players/44ac04e9/Matias-Vecino,-1.07,44ac04e9
Yannik Engelhardt,CO,/en/players/fac66db3/Yannik-Engelhardt,-0.25,fac66db3,https://fbref.com/req/202302030/images/headshots/fac66db3_2022.jpg,CO,/en/players/fac66db3/Yannik-Engelhardt,-0.73,fac66db3
Alessandro Zanoli,GE,/en/players/3b12b11f/Alessandro-Zanoli,-0.26,3b12b11f,https://fbref.com/req/202302030/images/headshots/3b12b11f_2022.jpg,GE,/en/players/3b12b11f/Alessandro-Zanoli,3.56,3b12b11f
Mateo Retegui,AT,/en/players/e7695e6c/Mateo-Retegui,-0.27,e7695e6c,https://fbref.com/req/202302030/images/headshots/e7695e6c_2022.jpg,AT,/en/players/e7695e6c/Mateo-Retegui,-0.43,e7695e6c
Danilo,JU,/en/players/94b2001f/Danilo,-0.27,94b2001f,https://fbref.com/req/202302030/images/headshots/94b2001f_2022.jpg,JU,/en/players/94b2001f/Danilo,-0.36,94b2001f
Che Adams,TO,/en/players/f2bf1b0f/Che-Adams,-0.27,f2bf1b0f,https://fbref.com/req/202302030/images/headshots/f2bf1b0f_2022.jpg,TO,/en/players/f2bf1b0f/Che-Adams,-0.2,f2bf1b0f
Benjamin Pavard,IN,/en/players/45a03961/Benjamin-Pavard,-0.27,45a03961,https://fbref.com/req/202302030/images/headshots/45a03961_2022.jpg,IN,/en/players/45a03961/Benjamin-Pavard,-0.99,45a03961
Emerson,MI,/en/players/df8b52a5/Emerson,-0.28,df8b52a5,https://fbref.com/req/202302030/images/headshots/df8b52a5_2022.jpg,MI,/en/players/df8b52a5/Emerson,-0.43,df8b52a5
Antonio Sanabria,TO,/en/players/0a447501/Antonio-Sanabria,-0.29,0a447501,https://fbref.com/req/202302030/images/headshots/0a447501_2022.jpg,TO,/en/players/0a447501/Antonio-Sanabria,-0.6,0a447501
Denzel Dumfries,IN,/en/players/481c9ece/Denzel-Dumfries,-0.29,481c9ece,https://fbref.com/req/202302030/images/headshots/481c9ece_2022.jpg,IN,/en/players/481c9ece/Denzel-Dumfries,0.95,481c9ece
Sam Beukema,BO,/en/players/de13cee5/Sam-Beukema,-0.29,de13cee5,https://fbref.com/req/202302030/images/headshots/de13cee5_2022.jpg,BO,/en/players/de13cee5/Sam-Beukema,-0.87,de13cee5
Nicolò Rovella,LA,/en/players/e58cbfd5/Nicolo-Rovella,-0.3,e58cbfd5,https://fbref.com/req/202302030/images/headshots/e58cbfd5_2022.jpg,LA,/en/players/e58cbfd5/Nicolo-Rovella,-0.69,e58cbfd5
Álex Valle,CO,/en/players/97022551/Alex-Valle,-0.31,97022551,https://fbref.com/req/202302030/images/headshots/97022551_2022.jpg,CO,/en/players/97022551/Alex-Valle,-0.83,97022551
Timothy Weah,JU,/en/players/8eec784d/Timothy-Weah,-0.31,8eec784d,https://fbref.com/req/202302030/images/headshots/8eec784d_2022.jpg,JU,/en/players/8eec784d/Timothy-Weah,1.13,8eec784d
Zeki Çelik,RO,/en/players/31a62dc7/Zeki-Celik,-0.33,31a62dc7,https://fbref.com/req/202302030/images/headshots/31a62dc7_2022.jpg,RO,/en/players/31a62dc7/Zeki-Celik,-0.54,31a62dc7
Alberto Moreno,CO,/en/players/11b9265b/Alberto-Moreno,-0.34,11b9265b,https://fbref.com/req/202302030/images/headshots/11b9265b_2022.jpg,CO,/en/players/11b9265b/Alberto-Moreno,-0.54,11b9265b
Lorenzo Lucca,UD,/en/players/83c06f3a/Lorenzo-Lucca,-0.34,83c06f3a,https://fbref.com/req/202302030/images/headshots/83c06f3a_2022.jpg,UD,/en/players/83c06f3a/Lorenzo-Lucca,-0.01,83c06f3a
Valentino Lazaro,TO,/en/players/016ff750/Valentino-Lazaro,-0.36,016ff750,https://fbref.com/req/202302030/images/headshots/016ff750_2022.jpg,TO,/en/players/016ff750/Valentino-Lazaro,-0.17,016ff750
Sergi Roberto,CO,/en/players/335fa267/Sergi-Roberto,-0.36,335fa267,https://fbref.com/req/202302030/images/headshots/335fa267_2022.jpg,CO,/en/players/335fa267/Sergi-Roberto,-0.7,335fa267
Patrick Cutrone,CO,/en/players/a4fe8cda/Patrick-Cutrone,-0.37,a4fe8cda,https://fbref.com/req/202302030/images/headshots/a4fe8cda_2022.jpg,CO,/en/players/a4fe8cda/Patrick-Cutrone,1.48,a4fe8cda
Fisayo Dele-Bashiru,LA,/en/players/121a4fb8/Fisayo-Dele-Bashiru,-0.38,121a4fb8,https://fbref.com/req/202302030/images/headshots/121a4fb8_2022.jpg,LA,/en/players/121a4fb8/Fisayo-Dele-Bashiru,0.77,121a4fb8
Patrick Ciurria,MO,/en/players/5de3866c/Patrick-Ciurria,-0.38,5de3866c,https://fbref.com/req/202302030/images/headshots/5de3866c_2022.jpg,MO,/en/players/5de3866c/Patrick-Ciurria,0.44,5de3866c
Mattia De Sciglio,EM,/en/players/ae4e2852/Mattia-De-Sciglio,-0.39,ae4e2852,https://fbref.com/req/202302030/images/headshots/ae4e2852_2022.jpg,EM,/en/players/ae4e2852/Mattia-De-Sciglio,-0.74,ae4e2852
Jackson Tchatchoua,HE,/en/players/aeca7743/Jackson-Tchatchoua,-0.39,aeca7743,https://fbref.com/req/202302030/images/headshots/aeca7743_2022.jpg,HE,/en/players/aeca7743/Jackson-Tchatchoua,1.87,aeca7743
Alessandro Bianco,FI,/en/players/d65cf468/Alessandro-Bianco,-0.39,d65cf468,https://fbref.com/req/202302030/images/headshots/d65cf468_2022.jpg,FI,/en/players/d65cf468/Alessandro-Bianco,-0.25,d65cf468
Alessandro Bianco,FI,/en/players/d65cf468/Alessandro-Bianco,-0.39,d65cf468,https://fbref.com/req/202302030/images/headshots/d65cf468_2022.jpg,MO,/en/players/d65cf468/Alessandro-Bianco,-0.43,d65cf468
Samuele Birindelli,MO,/en/players/204ac005/Samuele-Birindelli,-0.4,204ac005,https://fbref.com/req/202302030/images/headshots/204ac005_2022.jpg,MO,/en/players/204ac005/Samuele-Birindelli,0.81,204ac005
Patric,LA,/en/players/f7223718/Patric,-0.42,f7223718,https://fbref.com/req/202302030/images/headshots/f7223718_2022.jpg,LA,/en/players/f7223718/Patric,-0.99,f7223718
Frederic Guilbert,LE,/en/players/5d8d7454/Frederic-Guilbert,-0.43,5d8d7454,https://fbref.com/req/202302030/images/headshots/5d8d7454_2022.jpg,LE,/en/players/5d8d7454/Frederic-Guilbert,0.1,5d8d7454
Michael Folorunsho,NA,/en/players/c391a179/Michael-Folorunsho,-0.44,c391a179,https://fbref.com/req/202302030/images/headshots/c391a179_2022.jpg,FI,/en/players/c391a179/Michael-Folorunsho,0.07,c391a179
Michael Folorunsho,NA,/en/players/c391a179/Michael-Folorunsho,-0.44,c391a179,https://fbref.com/req/202302030/images/headshots/c391a179_2022.jpg,NA,/en/players/c391a179/Michael-Folorunsho,-0.18,c391a179
Yann Aurel Bisseck,IN,/en/players/3963c25b/Yann-Aurel-Bisseck,-0.45,3963c25b,https://fbref.com/req/202302030/images/headshots/3963c25b_2022.jpg,IN,/en/players/3963c25b/Yann-Aurel-Bisseck,-0.48,3963c25b
Mario Hermoso,RO,/en/players/555f3a0b/Mario-Hermoso,-0.45,555f3a0b,https://fbref.com/req/202302030/images/headshots/555f3a0b_2022.jpg,RO,/en/players/555f3a0b/Mario-Hermoso,-0.56,555f3a0b
Woyo Coulibaly,PA,/en/players/beb6e3a6/Woyo-Coulibaly,-0.45,beb6e3a6,https://fbref.com/req/202302030/images/headshots/beb6e3a6_2022.jpg,PA,/en/players/beb6e3a6/Woyo-Coulibaly,0.79,beb6e3a6
Samuel Mbangula,JU,/en/players/3e25e70c/Samuel-Mbangula,-0.45,3e25e70c,https://fbref.com/req/202302030/images/headshots/3e25e70c_2022.jpg,JU,/en/players/3e25e70c/Samuel-Mbangula,1.41,3e25e70c
Romelu Lukaku,NA,/en/players/5eae500a/Romelu-Lukaku,-0.46,5eae500a,https://fbref.com/req/202302030/images/headshots/5eae500a_2022.jpg,NA,/en/players/5eae500a/Romelu-Lukaku,0.57,5eae500a
Cristiano Biraghi,TO,/en/players/9e1577aa/Cristiano-Biraghi,-0.46,9e1577aa,https://fbref.com/req/202302030/images/headshots/9e1577aa_2022.jpg,TO,/en/players/9e1577aa/Cristiano-Biraghi,-0.63,9e1577aa
Cristiano Biraghi,TO,/en/players/9e1577aa/Cristiano-Biraghi,-0.46,9e1577aa,https://fbref.com/req/202302030/images/headshots/9e1577aa_2022.jpg,FI,/en/players/9e1577aa/Cristiano-Biraghi,-0.89,9e1577aa
Alessandro Bastoni,IN,/en/players/75b86fb3/Alessandro-Bastoni,-0.46,75b86fb3,https://fbref.com/req/202302030/images/headshots/75b86fb3_2022.jpg,IN,/en/players/75b86fb3/Alessandro-Bastoni,-0.6,75b86fb3
David Neres,NA,/en/players/4f1e6a0b/David-Neres,-0.46,4f1e6a0b,https://fbref.com/req/202302030/images/headshots/4f1e6a0b_2022.jpg,NA,/en/players/4f1e6a0b/David-Neres,2.97,4f1e6a0b
Mario Gila,LA,/en/players/9c435456/Mario-Gila,-0.49,9c435456,https://fbref.com/req/202302030/images/headshots/9c435456_2022.jpg,LA,/en/players/9c435456/Mario-Gila,-0.65,9c435456
Alieu Fadera,CO,/en/players/53210e42/Alieu-Fadera,-0.49,53210e42,https://fbref.com/req/202302030/images/headshots/53210e42_2022.jpg,CO,/en/players/53210e42/Alieu-Fadera,1.93,53210e42
Ylber Ramadani,LE,/en/players/ef3c876b/Ylber-Ramadani,-0.49,ef3c876b,https://fbref.com/req/202302030/images/headshots/ef3c876b_2022.jpg,LE,/en/players/ef3c876b/Ylber-Ramadani,-1.03,ef3c876b
Carlos Augusto,IN,/en/players/8d3cd59d/Carlos-Augusto,-0.5,8d3cd59d,https://fbref.com/req/202302030/images/headshots/8d3cd59d_2022.jpg,IN,/en/players/8d3cd59d/Carlos-Augusto,-0.5,8d3cd59d
Máximo Perrone,CO,/en/players/53552942/Maximo-Perrone,-0.5,53552942,https://fbref.com/req/202302030/images/headshots/53552942_2022.jpg,CO,/en/players/53552942/Maximo-Perrone,-0.9,53552942
Marin Šverko,VE,/en/players/06dba850/Marin-Sverko,-0.51,06dba850,https://fbref.com/req/202302030/images/headshots/06dba850_2022.jpg,VE,/en/players/06dba850/Marin-Sverko,-0.81,06dba850
Francisco Conceição,JU,/en/players/5ef3d210/Francisco-Conceicao,-0.52,5ef3d210,https://fbref.com/req/202302030/images/headshots/5ef3d210_2022.jpg,JU,/en/players/5ef3d210/Francisco-Conceicao,2.82,5ef3d210
Kristjan Asllani,IN,/en/players/0fdcef0e/Kristjan-Asllani,-0.52,0fdcef0e,https://fbref.com/req/202302030/images/headshots/0fdcef0e_2022.jpg,IN,/en/players/0fdcef0e/Kristjan-Asllani,-1.01,0fdcef0e
Alessandro Buongiorno,NA,/en/players/4ae67f27/Alessandro-Buongiorno,-0.53,4ae67f27,https://fbref.com/req/202302030/images/headshots/4ae67f27_2022.jpg,NA,/en/players/4ae67f27/Alessandro-Buongiorno,-0.91,4ae67f27
Hassane Kamara,UD,/en/players/19a12bed/Hassane-Kamara,-0.54,19a12bed,https://fbref.com/req/202302030/images/headshots/19a12bed_2022.jpg,UD,/en/players/19a12bed/Hassane-Kamara,0.87,19a12bed
Mandela Keita,PA,/en/players/f5692b25/Mandela-Keita,-0.55,f5692b25,https://fbref.com/req/202302030/images/headshots/f5692b25_2022.jpg,PA,/en/players/f5692b25/Mandela-Keita,-0.69,f5692b25
Matteo Gabbia,MI,/en/players/c235e803/Matteo-Gabbia,-0.55,c235e803,https://fbref.com/req/202302030/images/headshots/c235e803_2022.jpg,MI,/en/players/c235e803/Matteo-Gabbia,-1.02,c235e803
Kingsley Ehizibue,UD,/en/players/76b2817e/Kingsley-Ehizibue,-0.56,76b2817e,https://fbref.com/req/202302030/images/headshots/76b2817e_2022.jpg,UD,/en/players/76b2817e/Kingsley-Ehizibue,0.73,76b2817e
Malick Thiaw,MI,/en/players/ff5ea0bf/Malick-Thiaw,-0.58,ff5ea0bf,https://fbref.com/req/202302030/images/headshots/ff5ea0bf_2022.jpg,MI,/en/players/ff5ea0bf/Malick-Thiaw,-1.1,ff5ea0bf
Alexis Saelemaekers,MI,/en/players/ee251371/Alexis-Saelemaekers,-0.59,ee251371,https://fbref.com/req/202302030/images/headshots/ee251371_2022.jpg,MI,/en/players/ee251371/Alexis-Saelemaekers,1.12,ee251371
Alexis Saelemaekers,MI,/en/players/ee251371/Alexis-Saelemaekers,-0.59,ee251371,https://fbref.com/req/202302030/images/headshots/ee251371_2022.jpg,RO,/en/players/ee251371/Alexis-Saelemaekers,0.27,ee251371
Adam Masina,TO,/en/players/de0f152c/Adam-Masina,-0.6,de0f152c,https://fbref.com/req/202302030/images/headshots/de0f152c_2022.jpg,TO,/en/players/de0f152c/Adam-Masina,-0.92,de0f152c
Guillermo Maripán,TO,/en/players/d9764034/Guillermo-Maripan,-0.61,d9764034,https://fbref.com/req/202302030/images/headshots/d9764034_2022.jpg,TO,/en/players/d9764034/Guillermo-Maripan,-1.17,d9764034
Aarón Martín,GE,/en/players/2f3e911a/Aaron-Martin,-0.61,2f3e911a,https://fbref.com/req/202302030/images/headshots/2f3e911a_2022.jpg,GE,/en/players/2f3e911a/Aaron-Martin,0.27,2f3e911a
Adam Marušić,LA,/en/players/d4535821/Adam-Marusic,-0.61,d4535821,https://fbref.com/req/202302030/images/headshots/d4535821_2022.jpg,LA,/en/players/d4535821/Adam-Marusic,-0.59,d4535821
Giorgio Altare,VE,/en/players/aa5322d5/Giorgio-Altare,-0.64,aa5322d5,https://fbref.com/req/202302030/images/headshots/aa5322d5_2022.jpg,VE,/en/players/aa5322d5/Giorgio-Altare,-0.92,aa5322d5
Berat Djimsiti,AT,/en/players/6eee05f1/Berat-Djimsiti,-0.65,6eee05f1,https://fbref.com/req/202302030/images/headshots/6eee05f1_2022.jpg,AT,/en/players/6eee05f1/Berat-Djimsiti,-0.78,6eee05f1
Daniele Ghilardi,HE,/en/players/9cedad4b/Daniele-Ghilardi,-0.65,9cedad4b,https://fbref.com/req/202302030/images/headshots/9cedad4b_2022.jpg,HE,/en/players/9cedad4b/Daniele-Ghilardi,-1.01,9cedad4b
Odilon Kossounou,AT,/en/players/1f3afdcb/Odilon-Kossounou,-0.66,1f3afdcb,https://fbref.com/req/202302030/images/headshots/1f3afdcb_2022.jpg,AT,/en/players/1f3afdcb/Odilon-Kossounou,-0.56,1f3afdcb
Amir Rrahmani,NA,/en/players/4b3e1a38/Amir-Rrahmani,-0.66,4b3e1a38,https://fbref.com/req/202302030/images/headshots/4b3e1a38_2022.jpg,NA,/en/players/4b3e1a38/Amir-Rrahmani,-1.09,4b3e1a38
Mats Hummels,RO,/en/players/05d548d8/Mats-Hummels,-0.67,05d548d8,https://fbref.com/req/202302030/images/headshots/05d548d8_2022.jpg,RO,/en/players/05d548d8/Mats-Hummels,-0.97,05d548d8
Andrea Cambiaso,JU,/en/players/247ed022/Andrea-Cambiaso,-0.67,247ed022,https://fbref.com/req/202302030/images/headshots/247ed022_2022.jpg,JU,/en/players/247ed022/Andrea-Cambiaso,0.3,247ed022
Warren Bondo,MO,/en/players/0def2376/Warren-Bondo,-0.67,0def2376,https://fbref.com/req/202302030/images/headshots/0def2376_2022.jpg,MO,/en/players/0def2376/Warren-Bondo,-0.19,0def2376
Nicolò Casale,LA,/en/players/3f5f38fb/Nicolo-Casale,-0.71,3f5f38fb,https://fbref.com/req/202302030/images/headshots/3f5f38fb_2022.jpg,LA,/en/players/3f5f38fb/Nicolo-Casale,-1.09,3f5f38fb
Nicolò Casale,LA,/en/players/3f5f38fb/Nicolo-Casale,-0.71,3f5f38fb,https://fbref.com/req/202302030/images/headshots/3f5f38fb_2022.jpg,BO,/en/players/3f5f38fb/Nicolo-Casale,-1.15,3f5f38fb
Fali Candé,VE,/en/players/3cc4bb19/Fali-Cande,-0.72,3cc4bb19,https://fbref.com/req/202302030/images/headshots/3cc4bb19_2022.jpg,VE,/en/players/3cc4bb19/Fali-Cande,-1.08,3cc4bb19
Koni De Winter,GE,/en/players/f4797849/Koni-De-Winter,-0.73,f4797849,https://fbref.com/req/202302030/images/headshots/f4797849_2022.jpg,GE,/en/players/f4797849/Koni-De-Winter,-0.92,f4797849
Sebastiano Luperto,CA,/en/players/997fff07/Sebastiano-Luperto,-0.74,997fff07,https://fbref.com/req/202302030/images/headshots/997fff07_2022.jpg,CA,/en/players/997fff07/Sebastiano-Luperto,-0.84,997fff07
Alessandro Vogliacco,PA,/en/players/6841f107/Alessandro-Vogliacco,-0.74,6841f107,https://fbref.com/req/202302030/images/headshots/6841f107_2022.jpg,GE,/en/players/6841f107/Alessandro-Vogliacco,-0.3,6841f107
Alessandro Vogliacco,PA,/en/players/6841f107/Alessandro-Vogliacco,-0.74,6841f107,https://fbref.com/req/202302030/images/headshots/6841f107_2022.jpg,PA,/en/players/6841f107/Alessandro-Vogliacco,-1.29,6841f107
Juan Jesus,NA,/en/players/79083382/Juan-Jesus,-0.74,79083382,https://fbref.com/req/202302030/images/headshots/79083382_2022.jpg,NA,/en/players/79083382/Juan-Jesus,-1.27,79083382
Ignace Van Der Brempt,CO,/en/players/2bf50b37/Ignace-Van-Der-Brempt,-0.75,2bf50b37,https://fbref.com/req/202302030/images/headshots/2bf50b37_2022.jpg,CO,/en/players/2bf50b37/Ignace-Van-Der-Brempt,-0.3,2bf50b37
Pontus Almqvist,PA,/en/players/0917188a/Pontus-Almqvist,-0.75,0917188a,https://fbref.com/req/202302030/images/headshots/0917188a_2022.jpg,PA,/en/players/0917188a/Pontus-Almqvist,1.99,0917188a
Johan Vásquez,GE,/en/players/5eaed77a/Johan-Vasquez,-0.76,5eaed77a,https://fbref.com/req/202302030/images/headshots/5eaed77a_2022.jpg,GE,/en/players/5eaed77a/Johan-Vasquez,-0.74,5eaed77a
Domagoj Bradarić,HE,/en/players/8bbe2df5/Domagoj-Bradaric,-0.76,8bbe2df5,https://fbref.com/req/202302030/images/headshots/8bbe2df5_2022.jpg,HE,/en/players/8bbe2df5/Domagoj-Bradaric,0.27,8bbe2df5
Tommaso Baldanzi,RO,/en/players/102e2599/Tommaso-Baldanzi,-0.78,102e2599,https://fbref.com/req/202302030/images/headshots/102e2599_2022.jpg,RO,/en/players/102e2599/Tommaso-Baldanzi,1.79,102e2599
Tiago Palacios,MO,/en/players/404101f9/Tiago-Palacios,-0.78,404101f9,https://fbref.com/req/202302030/images/headshots/404101f9_2022.jpg,IN,/en/players/404101f9/Tiago-Palacios,-0.43,404101f9
Tiago Palacios,MO,/en/players/404101f9/Tiago-Palacios,-0.78,404101f9,https://fbref.com/req/202302030/images/headshots/404101f9_2022.jpg,MO,/en/players/404101f9/Tiago-Palacios,-0.99,404101f9
Paweł Dawidowicz,HE,/en/players/16bb656a/Pawel-Dawidowicz,-0.78,16bb656a,https://fbref.com/req/202302030/images/headshots/16bb656a_2022.jpg,HE,/en/players/16bb656a/Pawel-Dawidowicz,-0.84,16bb656a
Pedro Pereira,MO,/en/players/c77be0cf/Pedro-Pereira,-0.78,c77be0cf,https://fbref.com/req/202302030/images/headshots/c77be0cf_2022.jpg,MO,/en/players/c77be0cf/Pedro-Pereira,0.61,c77be0cf
Matteo Pessina,MO,/en/players/780e3631/Matteo-Pessina,-0.79,780e3631,https://fbref.com/req/202302030/images/headshots/780e3631_2022.jpg,MO,/en/players/780e3631/Matteo-Pessina,-0.79,780e3631
Stanislav Lobotka,NA,/en/players/e1cbb531/Stanislav-Lobotka,-0.8,e1cbb531,https://fbref.com/req/202302030/images/headshots/e1cbb531_2022.jpg,NA,/en/players/e1cbb531/Stanislav-Lobotka,-0.81,e1cbb531
Filippo Terracciano,MI,/en/players/5cbb5ad6/Filippo-Terracciano,-0.81,5cbb5ad6,https://fbref.com/req/202302030/images/headshots/5cbb5ad6_2022.jpg,MI,/en/players/5cbb5ad6/Filippo-Terracciano,-0.55,5cbb5ad6
Lucas Martínez Quarta,FI,/en/players/3ec3c1c9/Lucas-Martinez-Quarta,-0.82,3ec3c1c9,https://fbref.com/req/202302030/images/headshots/3ec3c1c9_2022.jpg,FI,/en/players/3ec3c1c9/Lucas-Martinez-Quarta,-0.9,3ec3c1c9
Renato Veiga,JU,/en/players/fc8fcbd1/Renato-Veiga,-0.83,fc8fcbd1,https://fbref.com/req/202302030/images/headshots/fc8fcbd1_2022.jpg,JU,/en/players/fc8fcbd1/Renato-Veiga,-0.95,fc8fcbd1
Fikayo Tomori,MI,/en/players/7edfbb8a/Fikayo-Tomori,-0.87,7edfbb8a,https://fbref.com/req/202302030/images/headshots/7edfbb8a_2022.jpg,MI,/en/players/7edfbb8a/Fikayo-Tomori,-1.08,7edfbb8a
Yerry Mina,CA,/en/players/6d5701f2/Yerry-Mina,-0.87,6d5701f2,https://fbref.com/req/202302030/images/headshots/6d5701f2_2022.jpg,CA,/en/players/6d5701f2/Yerry-Mina,-1.05,6d5701f2
Enrico Del Prato,PA,/en/players/4c6f9258/Enrico-Del-Prato,-0.88,4c6f9258,https://fbref.com/req/202302030/images/headshots/4c6f9258_2022.jpg,PA,/en/players/4c6f9258/Enrico-Del-Prato,-1.2,4c6f9258
Riccardo Sottil,MI,/en/players/94816803/Riccardo-Sottil,-0.88,94816803,https://fbref.com/req/202302030/images/headshots/94816803_2022.jpg,FI,/en/players/94816803/Riccardo-Sottil,4.85,94816803
Riccardo Sottil,MI,/en/players/94816803/Riccardo-Sottil,-0.88,94816803,https://fbref.com/req/202302030/images/headshots/94816803_2022.jpg,MI,/en/players/94816803/Riccardo-Sottil,2.88,94816803
Marc-Oliver Kempf,CO,/en/players/815c314f/Marc-Oliver-Kempf,-0.91,815c314f,https://fbref.com/req/202302030/images/headshots/815c314f_2022.jpg,CO,/en/players/815c314f/Marc-Oliver-Kempf,-0.97,815c314f
Danilo D'Ambrosio,MO,/en/players/44eb9093/Danilo-DAmbrosio,-0.91,44eb9093,https://fbref.com/req/202302030/images/headshots/44eb9093_2022.jpg,MO,/en/players/44eb9093/Danilo-DAmbrosio,-0.89,44eb9093
Pietro Comuzzo,FI,/en/players/5e3ecc35/Pietro-Comuzzo,-0.92,5e3ecc35,https://fbref.com/req/202302030/images/headshots/5e3ecc35_2022.jpg,FI,/en/players/5e3ecc35/Pietro-Comuzzo,-1.25,5e3ecc35
Stefan de Vrij,IN,/en/players/d0d8dd44/Stefan-de-Vrij,-0.92,d0d8dd44,https://fbref.com/req/202302030/images/headshots/d0d8dd44_2022.jpg,IN,/en/players/d0d8dd44/Stefan-de-Vrij,-1.2,d0d8dd44
Nicolò Casale,BO,/en/players/3f5f38fb/Nicolo-Casale,-0.94,3f5f38fb,https://fbref.com/req/202302030/images/headshots/3f5f38fb_2022.jpg,LA,/en/players/3f5f38fb/Nicolo-Casale,-1.09,3f5f38fb
Nicolò Casale,BO,/en/players/3f5f38fb/Nicolo-Casale,-0.94,3f5f38fb,https://fbref.com/req/202302030/images/headshots/3f5f38fb_2022.jpg,BO,/en/players/3f5f38fb/Nicolo-Casale,-1.15,3f5f38fb
Cristiano Biraghi,FI,/en/players/9e1577aa/Cristiano-Biraghi,-0.94,9e1577aa,https://fbref.com/req/202302030/images/headshots/9e1577aa_2022.jpg,TO,/en/players/9e1577aa/Cristiano-Biraghi,-0.63,9e1577aa
Cristiano Biraghi,FI,/en/players/9e1577aa/Cristiano-Biraghi,-0.94,9e1577aa,https://fbref.com/req/202302030/images/headshots/9e1577aa_2022.jpg,FI,/en/players/9e1577aa/Cristiano-Biraghi,-0.89,9e1577aa
Lautaro Gianetti,UD,/en/players/e08ac719/Lautaro-Gianetti,-0.94,e08ac719,https://fbref.com/req/202302030/images/headshots/e08ac719_2022.jpg,UD,/en/players/e08ac719/Lautaro-Gianetti,-1.29,e08ac719
Edoardo Goldaniga,CO,/en/players/4b029b31/Edoardo-Goldaniga,-0.94,4b029b31,https://fbref.com/req/202302030/images/headshots/4b029b31_2022.jpg,CO,/en/players/4b029b31/Edoardo-Goldaniga,-0.9,4b029b31
Martin Erlic,BO,/en/players/0fee6bda/Martin-Erlic,-0.95,0fee6bda,https://fbref.com/req/202302030/images/headshots/0fee6bda_2022.jpg,BO,/en/players/0fee6bda/Martin-Erlic,-0.85,0fee6bda
Michael Svoboda,VE,/en/players/8abd174d/Michael-Svoboda,-0.95,8abd174d,https://fbref.com/req/202302030/images/headshots/8abd174d_2022.jpg,VE,/en/players/8abd174d/Michael-Svoboda,-0.77,8abd174d
Artem Dovbyk,RO,/en/players/5b847bb0/Artem-Dovbyk,-0.97,5b847bb0,https://fbref.com/req/202302030/images/headshots/5b847bb0_2022.jpg,RO,/en/players/5b847bb0/Artem-Dovbyk,0.08,5b847bb0
Gustav Isaksen,LA,/en/players/5715bb71/Gustav-Isaksen,-0.97,5715bb71,https://fbref.com/req/202302030/images/headshots/5715bb71_2022.jpg,LA,/en/players/5715bb71/Gustav-Isaksen,1.86,5715bb71
Armando Izzo,MO,/en/players/89976232/Armando-Izzo,-0.98,89976232,https://fbref.com/req/202302030/images/headshots/89976232_2022.jpg,MO,/en/players/89976232/Armando-Izzo,-1.09,89976232
Emmanuel Gyasi,EM,/en/players/f9758dae/Emmanuel-Gyasi,-0.98,f9758dae,https://fbref.com/req/202302030/images/headshots/f9758dae_2022.jpg,EM,/en/players/f9758dae/Emmanuel-Gyasi,-0.42,f9758dae
Jhon Lucumí,BO,/en/players/80490d7f/Jhon-Lucumi,-0.98,80490d7f,https://fbref.com/req/202302030/images/headshots/80490d7f_2022.jpg,BO,/en/players/80490d7f/Jhon-Lucumi,-0.85,80490d7f
Jaka Bijol,UD,/en/players/6fdac234/Jaka-Bijol,-0.99,6fdac234,https://fbref.com/req/202302030/images/headshots/6fdac234_2022.jpg,UD,/en/players/6fdac234/Jaka-Bijol,-0.94,6fdac234
Saba Goglichidze,EM,/en/players/011d370e/Saba-Goglichidze,-0.99,011d370e,https://fbref.com/req/202302030/images/headshots/011d370e_2022.jpg,EM,/en/players/011d370e/Saba-Goglichidze,-0.91,011d370e
Jay Idzes,VE,/en/players/a54ef587/Jay-Idzes,-0.99,a54ef587,https://fbref.com/req/202302030/images/headshots/a54ef587_2022.jpg,VE,/en/players/a54ef587/Jay-Idzes,-0.99,a54ef587
José Luis Palomino,CA,/en/players/921f6058/Jose-Luis-Palomino,-1.0,921f6058,https://fbref.com/req/202302030/images/headshots/921f6058_2022.jpg,CA,/en/players/921f6058/Jose-Luis-Palomino,-1.2,921f6058
Alan Matturro,GE,/en/players/547c0119/Alan-Matturro,-1.01,547c0119,https://fbref.com/req/202302030/images/headshots/547c0119_2022.jpg,GE,/en/players/547c0119/Alan-Matturro,-0.16,547c0119
Giovanni Leoni,PA,/en/players/570888ce/Giovanni-Leoni,-1.01,570888ce,https://fbref.com/req/202302030/images/headshots/570888ce_2022.jpg,PA,/en/players/570888ce/Giovanni-Leoni,-1.27,570888ce
Andrea Carboni,MO,/en/players/f7e2af2c/Andrea-Carboni,-1.02,f7e2af2c,https://fbref.com/req/202302030/images/headshots/f7e2af2c_2022.jpg,MO,/en/players/f7e2af2c/Andrea-Carboni,-1.13,f7e2af2c
Juan David Cabal,JU,/en/players/ef6eef89/Juan-David-Cabal,-1.03,ef6eef89,https://fbref.com/req/202302030/images/headshots/ef6eef89_2022.jpg,JU,/en/players/ef6eef89/Juan-David-Cabal,0.03,ef6eef89
Nicolò Savona,JU,/en/players/e041497d/Nicolo-Savona,-1.03,e041497d,https://fbref.com/req/202302030/images/headshots/e041497d_2022.jpg,JU,/en/players/e041497d/Nicolo-Savona,-0.32,e041497d
Diego Coppola,HE,/en/players/22ae86f9/Diego-Coppola,-1.04,22ae86f9,https://fbref.com/req/202302030/images/headshots/22ae86f9_2022.jpg,HE,/en/players/22ae86f9/Diego-Coppola,-1.22,22ae86f9
Pablo Marí,MO,/en/players/aa54ec6f/Pablo-Mari,-1.05,aa54ec6f,https://fbref.com/req/202302030/images/headshots/aa54ec6f_2022.jpg,FI,/en/players/aa54ec6f/Pablo-Mari,-0.58,aa54ec6f
Pablo Marí,MO,/en/players/aa54ec6f/Pablo-Mari,-1.05,aa54ec6f,https://fbref.com/req/202302030/images/headshots/aa54ec6f_2022.jpg,MO,/en/players/aa54ec6f/Pablo-Mari,-1.27,aa54ec6f
Souleymane Touré,UD,/en/players/01fd01e8/Souleymane-Toure,-1.09,01fd01e8,https://fbref.com/req/202302030/images/headshots/01fd01e8_2022.jpg,UD,/en/players/01fd01e8/Souleymane-Toure,-0.99,01fd01e8
Lautaro Valenti,PA,/en/players/55db5c36/Lautaro-Valenti,-1.09,55db5c36,https://fbref.com/req/202302030/images/headshots/55db5c36_2022.jpg,PA,/en/players/55db5c36/Lautaro-Valenti,-1.17,55db5c36
Saúl Coco,TO,/en/players/d0ee1652/Saul-Coco,-1.1,d0ee1652,https://fbref.com/req/202302030/images/headshots/d0ee1652_2022.jpg,TO,/en/players/d0ee1652/Saul-Coco,-1.01,d0ee1652
Raoul Bellanova,TO,/en/players/e3756e72/Raoul-Bellanova,-1.11,e3756e72,https://fbref.com/req/202302030/images/headshots/e3756e72_2022.jpg,AT,/en/players/e3756e72/Raoul-Bellanova,1.22,e3756e72
Raoul Bellanova,TO,/en/players/e3756e72/Raoul-Bellanova,-1.11,e3756e72,https://fbref.com/req/202302030/images/headshots/e3756e72_2022.jpg,TO,/en/players/e3756e72/Raoul-Bellanova,0.91,e3756e72
Francesco Acerbi,IN,/en/players/b96b595c/Francesco-Acerbi,-1.13,b96b595c,https://fbref.com/req/202302030/images/headshots/b96b595c_2022.jpg,IN,/en/players/b96b595c/Francesco-Acerbi,-1.05,b96b595c
Oumar Solet,UD,/en/players/0670ee51/Oumar-Solet,-1.19,0670ee51,https://fbref.com/req/202302030/images/headshots/0670ee51_2022.jpg,UD,/en/players/0670ee51/Oumar-Solet,-0.92,0670ee51
Luca Caldirola,MO,/en/players/226008f1/Luca-Caldirola,-1.24,226008f1,https://fbref.com/req/202302030/images/headshots/226008f1_2022.jpg,MO,/en/players/226008f1/Luca-Caldirola,-1.03,226008f1
Marcus Pedersen,TO,/en/players/596cc50e/Marcus-Pedersen,-1.26,596cc50e,https://fbref.com/req/202302030/images/headshots/596cc50e_2022.jpg,TO,/en/players/596cc50e/Marcus-Pedersen,1.81,596cc50e
Luca Ranieri,FI,/en/players/8c63fae5/Luca-Ranieri,-1.27,8c63fae5,https://fbref.com/req/202302030/images/headshots/8c63fae5_2022.jpg,FI,/en/players/8c63fae5/Luca-Ranieri,-1.06,8c63fae5
Alessio Romagnoli,LA,/en/players/3ead85f9/Alessio-Romagnoli,-1.28,3ead85f9,https://fbref.com/req/202302030/images/headshots/3ead85f9_2022.jpg,LA,/en/players/3ead85f9/Alessio-Romagnoli,-1.33,3ead85f9
Marin Pongračić,FI,/en/players/2a6cd437/Marin-Pongracic,-1.28,2a6cd437,https://fbref.com/req/202302030/images/headshots/2a6cd437_2022.jpg,FI,/en/players/2a6cd437/Marin-Pongracic,-1.27,2a6cd437
Pierre Kalulu,JU,/en/players/85f7d1be/Pierre-Kalulu,-1.31,85f7d1be,https://fbref.com/req/202302030/images/headshots/85f7d1be_2022.jpg,JU,/en/players/85f7d1be/Pierre-Kalulu,-0.86,85f7d1be
Alessio Iovine,CO,/en/players/083d7173/Alessio-Iovine,-1.33,083d7173,https://fbref.com/req/202302030/images/headshots/083d7173_2022.jpg,CO,/en/players/083d7173/Alessio-Iovine,0.48,083d7173
Gleison Bremer,JU,/en/players/5fd5ed86/Gleison-Bremer,-1.34,5fd5ed86,https://fbref.com/req/202302030/images/headshots/5fd5ed86_2022.jpg,JU,/en/players/5fd5ed86/Gleison-Bremer,-1.24,5fd5ed86
Matteo Darmian,IN,/en/players/96e0490d/Matteo-Darmian,-1.35,96e0490d,https://fbref.com/req/202302030/images/headshots/96e0490d_2022.jpg,IN,/en/players/96e0490d/Matteo-Darmian,-0.82,96e0490d
Gaby Jean,LE,/en/players/5f130a19/Gaby-Jean,-1.41,5f130a19,https://fbref.com/req/202302030/images/headshots/5f130a19_2022.jpg,LE,/en/players/5f130a19/Gaby-Jean,-1.05,5f130a19
Federico Gatti,JU,/en/players/18dd3219/Federico-Gatti,-1.42,18dd3219,https://fbref.com/req/202302030/images/headshots/18dd3219_2022.jpg,JU,/en/players/18dd3219/Federico-Gatti,-0.9,18dd3219
Federico Baschirotto,LE,/en/players/5a08ee41/Federico-Baschirotto,-1.44,5a08ee41,https://fbref.com/req/202302030/images/headshots/5a08ee41_2022.jpg,LE,/en/players/5a08ee41/Federico-Baschirotto,-1.13,5a08ee41
Botond Balogh,PA,/en/players/348bafd4/Botond-Balogh,-1.46,348bafd4,https://fbref.com/req/202302030/images/headshots/348bafd4_2022.jpg,PA,/en/players/348bafd4/Botond-Balogh,-1.09,348bafd4
Obite N'Dicka,RO,/en/players/441197b8/Obite-NDicka,-1.48,441197b8,https://fbref.com/req/202302030/images/headshots/441197b8_2022.jpg,RO,/en/players/441197b8/Obite-NDicka,-1.08,441197b8
Alberto Dossena,CO,/en/players/61efb926/Alberto-Dossena,-1.53,61efb926,https://fbref.com/req/202302030/images/headshots/61efb926_2022.jpg,CO,/en/players/61efb926/Alberto-Dossena,-1.28,61efb926
Isak Hien,AT,/en/players/12806697/Isak-Hien,-1.62,12806697,https://fbref.com/req/202302030/images/headshots/12806697_2022.jpg,AT,/en/players/12806697/Isak-Hien,-1.29,12806697
Ardian Ismajli,EM,/en/players/6b635f5c/Ardian-Ismajli,-1.64,6b635f5c,https://fbref.com/req/202302030/images/headshots/6b635f5c_2022.jpg,EM,/en/players/6b635f5c/Ardian-Ismajli,-1.34,6b635f5c
Kialonda,LE,/en/players/34e4dc3b/Kialonda,-1.64,34e4dc3b,https://fbref.com/req/202302030/images/headshots/34e4dc3b_2022.jpg,LE,/en/players/34e4dc3b/Kialonda,-1.2,34e4dc3b
Mattia Bani,GE,/en/players/0821331c/Mattia-Bani,-1.65,0821331c,https://fbref.com/req/202302030/images/headshots/0821331c_2022.jpg,GE,/en/players/0821331c/Mattia-Bani,-1.07,0821331c
Elia Caprile,NA,/en/players/97d7afbd/Elia-Caprile,-1.78,97d7afbd,https://fbref.com/req/202302030/images/headshots/97d7afbd_2022.jpg,NA,/en/players/97d7afbd/Elia-Caprile,-0.87,97d7afbd
Elia Caprile,NA,/en/players/97d7afbd/Elia-Caprile,-1.78,97d7afbd,https://fbref.com/req/202302030/images/headshots/97d7afbd_2022.jpg,CA,/en/players/97d7afbd/Elia-Caprile,-1.24,97d7afbd
Mattia Perin,JU,/en/players/4c62d0c8/Mattia-Perin,-2.1,4c62d0c8,https://fbref.com/req/202302030/images/headshots/4c62d0c8_2022.jpg,JU,/en/players/4c62d0c8/Mattia-Perin,-1.19,4c62d0c8
Alen Sherri,CA,/en/players/eebf35b6/Alen-Sherri,-2.12,eebf35b6,https://fbref.com/req/202302030/images/headshots/eebf35b6_2022.jpg,CA,/en/players/eebf35b6/Alen-Sherri,-1.2,eebf35b6
Elia Caprile,CA,/en/players/97d7afbd/Elia-Caprile,-2.22,97d7afbd,https://fbref.com/req/202302030/images/headshots/97d7afbd_2022.jpg,NA,/en/players/97d7afbd/Elia-Caprile,-0.87,97d7afbd
Elia Caprile,CA,/en/players/97d7afbd/Elia-Caprile,-2.22,97d7afbd,https://fbref.com/req/202302030/images/headshots/97d7afbd_2022.jpg,CA,/en/players/97d7afbd/Elia-Caprile,-1.24,97d7afbd
Pierluigi Gollini,GE,/en/players/f0f7f62f/Pierluigi-Gollini,-2.26,f0f7f62f,https://fbref.com/req/202302030/images/headshots/f0f7f62f_2022.jpg,GE,/en/players/f0f7f62f/Pierluigi-Gollini,-1.21,f0f7f62f
Emil Audero,CO,/en/players/649b01d8/Emil-Audero,-2.26,649b01d8,https://fbref.com/req/202302030/images/headshots/649b01d8_2022.jpg,CO,/en/players/649b01d8/Emil-Audero,-1.27,649b01d8
Jesse Joronen,VE,/en/players/7f66ea09/Jesse-Joronen,-2.29,7f66ea09,https://fbref.com/req/202302030/images/headshots/7f66ea09_2022.jpg,VE,/en/players/7f66ea09/Jesse-Joronen,-1.29,7f66ea09
Pepe Reina,CO,/en/players/e358587b/Pepe-Reina,-2.3,e358587b,https://fbref.com/req/202302030/images/headshots/e358587b_2022.jpg,CO,/en/players/e358587b/Pepe-Reina,-1.31,e358587b
Federico Ravaglia,BO,/en/players/6662d731/Federico-Ravaglia,-2.33,6662d731,https://fbref.com/req/202302030/images/headshots/6662d731_2022.jpg,BO,/en/players/6662d731/Federico-Ravaglia,-1.31,6662d731
Jean Butez,CO,/en/players/7f40333d/Jean-Butez,-2.34,7f40333d,https://fbref.com/req/202302030/images/headshots/7f40333d_2022.jpg,CO,/en/players/7f40333d/Jean-Butez,-1.32,7f40333d
Razvan Sava,UD,/en/players/41efbd34/Razvan-Sava,-2.36,41efbd34,https://fbref.com/req/202302030/images/headshots/41efbd34_2022.jpg,UD,/en/players/41efbd34/Razvan-Sava,-1.34,41efbd34
Simone Scuffet,CA,/en/players/41bd99ea/Simone-Scuffet,-2.37,41bd99ea,https://fbref.com/req/202302030/images/headshots/41bd99ea_2022.jpg,CA,/en/players/41bd99ea/Simone-Scuffet,-1.3,41bd99ea
Lorenzo Montipò,HE,/en/players/c1d95617/Lorenzo-Montipo,-2.37,c1d95617,https://fbref.com/req/202302030/images/headshots/c1d95617_2022.jpg,HE,/en/players/c1d95617/Lorenzo-Montipo,-1.37,c1d95617
Maduka Okoye,UD,/en/players/ab5c36dd/Maduka-Okoye,-2.39,ab5c36dd,https://fbref.com/req/202302030/images/headshots/ab5c36dd_2022.jpg,UD,/en/players/ab5c36dd/Maduka-Okoye,-1.37,ab5c36dd
Ivan Provedel,LA,/en/players/277da414/Ivan-Provedel,-2.43,277da414,https://fbref.com/req/202302030/images/headshots/277da414_2022.jpg,LA,/en/players/277da414/Ivan-Provedel,-1.42,277da414
Filip Stankovic,VE,/en/players/d34d8ed2/Filip-Stankovic,-2.44,d34d8ed2,https://fbref.com/req/202302030/images/headshots/d34d8ed2_2022.jpg,VE,/en/players/d34d8ed2/Filip-Stankovic,-1.37,d34d8ed2
Nicola Leali,GE,/en/players/5f9970a0/Nicola-Leali,-2.49,5f9970a0,https://fbref.com/req/202302030/images/headshots/5f9970a0_2022.jpg,GE,/en/players/5f9970a0/Nicola-Leali,-1.37,5f9970a0
Michele Di Gregorio,JU,/en/players/4e0c8d66/Michele-Di-Gregorio,-2.49,4e0c8d66,https://fbref.com/req/202302030/images/headshots/4e0c8d66_2022.jpg,JU,/en/players/4e0c8d66/Michele-Di-Gregorio,-1.39,4e0c8d66
Mike Maignan,MI,/en/players/fcb38f57/Mike-Maignan,-2.5,fcb38f57,https://fbref.com/req/202302030/images/headshots/fcb38f57_2022.jpg,MI,/en/players/fcb38f57/Mike-Maignan,-1.43,fcb38f57
Devis Vásquez,EM,/en/players/fac1f795/Devis-Vasquez,-2.51,fac1f795,https://fbref.com/req/202302030/images/headshots/fac1f795_2022.jpg,EM,/en/players/fac1f795/Devis-Vasquez,-1.41,fac1f795
Wladimiro Falcone,LE,/en/players/9f5a610b/Wladimiro-Falcone,-2.51,9f5a610b,https://fbref.com/req/202302030/images/headshots/9f5a610b_2022.jpg,LE,/en/players/9f5a610b/Wladimiro-Falcone,-1.4,9f5a610b
Alex Meret,NA,/en/players/9413b19f/Alex-Meret,-2.51,9413b19f,https://fbref.com/req/202302030/images/headshots/9413b19f_2022.jpg,NA,/en/players/9413b19f/Alex-Meret,-1.4,9413b19f
Łukasz Skorupski,BO,/en/players/ab4449d6/Lukasz-Skorupski,-2.51,ab4449d6,https://fbref.com/req/202302030/images/headshots/ab4449d6_2022.jpg,BO,/en/players/ab4449d6/Lukasz-Skorupski,-1.4,ab4449d6
Mile Svilar,RO,/en/players/bcf5058a/Mile-Svilar,-2.51,bcf5058a,https://fbref.com/req/202302030/images/headshots/bcf5058a_2022.jpg,RO,/en/players/bcf5058a/Mile-Svilar,-1.43,bcf5058a
Marco Carnesecchi,AT,/en/players/8ec56e62/Marco-Carnesecchi,-2.52,8ec56e62,https://fbref.com/req/202302030/images/headshots/8ec56e62_2022.jpg,AT,/en/players/8ec56e62/Marco-Carnesecchi,-1.4,8ec56e62
David de Gea,FI,/en/players/7ba6d84e/David-de-Gea,-2.52,7ba6d84e,https://fbref.com/req/202302030/images/headshots/7ba6d84e_2022.jpg,FI,/en/players/7ba6d84e/David-de-Gea,-1.39,7ba6d84e
Stefano Turati,MO,/en/players/bf168004/Stefano-Turati,-2.53,bf168004,https://fbref.com/req/202302030/images/headshots/bf168004_2022.jpg,MO,/en/players/bf168004/Stefano-Turati,-1.41,bf168004
Zion Suzuki,PA,/en/players/51e1f4f5/Zion-Suzuki,-2.56,51e1f4f5,https://fbref.com/req/202302030/images/headshots/51e1f4f5_2022.jpg,PA,/en/players/51e1f4f5/Zion-Suzuki,-1.42,51e1f4f5
Yann Sommer,IN,/en/players/420c18a1/Yann-Sommer,-2.56,420c18a1,https://fbref.com/req/202302030/images/headshots/420c18a1_2022.jpg,IN,/en/players/420c18a1/Yann-Sommer,-1.42,420c18a1
Vanja Milinković-Savić,TO,/en/players/9fa26bc2/Vanja-Milinkovic-Savic,-2.58,9fa26bc2,https://fbref.com/req/202302030/images/headshots/9fa26bc2_2022.jpg,TO,/en/players/9fa26bc2/Vanja-Milinkovic-Savic,-1.44,9fa26bc2
